sample	category
01115154-TA1	COL5A1
01115154-TA1	MRE11
01115154-TA1	KMT2A
01115154-TA1	ERG
01115154-TA1	ZNRF3
01115156-TA1	MSH2
01115156-TA1	PRKDC
01115156-TA1	ERG
01115156-TC5	PRKDC
01115156-TC5	ERG
01115157-TA3	ERG
01115157-TC3	ERG
01115183-TA1	TSC1
01115183-TA1	KMT2D
01115183-TA1	BRCA1
01115183-TA1	ERG
01115202-TC2	USP7
01115202-TC2	ZNRF3
01115244-TA3	ELK4
01115244-TA3	LSAMP
01115248-TA3	PTPRD
01115249-TC5	SH3RF1
01115249-TC5	PTPRD
01115249-TC5	KDM6A
01115257-TA4	LSAMP
01115257-TA4	CHD7
01115257-TA4	PPL
01115257-TA4	AR
01115263-TA3	CHD1
01115284-TA9	MSH2
01115326-TA3	MSH6
01115326-TA3	AR
01115374-TA2	RPRD2
01115374-TA2	APC
01115374-TA2	PTPRD
01115374-TA2	USP28
01115374-TA2	USP7
01115374-TA2	ZFHX3
01115378-TA2	ATM
01115378-TA2	KMT2A
01115378-TA2	ERG
01115414-TA1	KMT2C
01115414-TA1	RB1
01115414-TA1	UNC13D
01115414-TA1	TTC28
01115444-TA5	RSPO2
01115444-TA5	SMARCA1
01115468-TA3	RSPO2
01115468-TA3	PTPRD
01115503-TC2	RPRD2
01115503-TC2	APC
01115503-TC2	KMT2C
01115503-TC2	ATM
01115503-TC2	USP28
01115503-TC2	USP7
01115503-TC2	ZFHX3
01115525-TA1	TP53
01115525-TA1	ERG
01115525-TA1	TMPRSS2
01115531-TA4	RSPO2
01115549-TA4	COL5A1
01115556-TC1	ERG
01115569-TC1	TCF12
01115569-TC1	AR
01115576-TC2	HDAC4
01115576-TC2	CHD1
01115576-TC2	NBN
01115576-TC2	ERG
01115577-TC1	KMT2C
01115577-TC1	RSPO2
01115577-TC1	PTPRD
01115578-TC4	JAK1
01115578-TC4	MET
01115578-TC4	COL5A1
01115578-TC4	KDM6A
01115589-TC2	ASXL2
01115589-TC2	MIRLET7BHG
01115606-TA2	PIK3R1
01115606-TA2	KDM6A
01115606-TA2	AR
01115644-TA1	MGA
01115655-TA1	LSAMP
01115655-TA1	APC
01115655-TA1	ERG
01115655-TC1	LSAMP
01115655-TC1	STAB2
01115655-TC1	ERG
01115655-TC1	TMPRSS2
01115668-TA4	EHHADH
01115669-TA3	IL6ST
01115669-TA3	FER
01115669-TA3	PTEN
06115115-T	PTPRD
06115115-T	USP28
06115115-T	BRCA2
06115117-T	BRIP1
06115118-T	NCOR2
06115118-T	RAD51B
06115118-T	TP53
06115118-T	BRIP1
DTB-003-BL	RSPO2
DTB-003-BL	AR
DTB-003-BL	MED12
DTB-005-BL	CDH1
DTB-005-BL	AR
DTB-008-BL	NCOR1
DTB-008-BL	NF1
DTB-008-BL	ERG
DTB-009-BL	ARID1A
DTB-009-BL	PIK3CB
DTB-009-BL	ETV1
DTB-009-BL	GPR19
DTB-009-BL	RB1
DTB-011-BL	HDAC4
DTB-011-BL	LSAMP
DTB-011-BL	ETV1
DTB-018-BL	SEL1L3
DTB-018-BL	PTPRD
DTB-018-BL	CDKN2A
DTB-018-BL	STAB2
DTB-018-BL	ERG
DTB-018-BL	AR
DTB-019-PRO	ELK4
DTB-019-PRO	RASA1
DTB-019-PRO	ERG
DTB-020-BL	MAP3K1
DTB-020-BL	RAD51B
DTB-020-BL	ERG
DTB-021-BL	LSAMP
DTB-021-BL	DHX30
DTB-021-BL	PIK3R1
DTB-021-BL	PTPRD
DTB-022-BL	HDAC4
DTB-022-BL	ASXL2
DTB-022-BL	TCF12
DTB-023-BL	PRKDC
DTB-023-BL	CHD7
DTB-023-BL	AR
DTB-024-PRO	FER
DTB-024-PRO	ETV1
DTB-024-PRO	PTPRD
DTB-024-PRO	TP53
DTB-034-BL	LSAMP
DTB-035-BL	LSAMP
DTB-035-BL	MYC
DTB-035-BL	PTPRD
DTB-036-BL	ELK4
DTB-036-BL	LSAMP
DTB-036-BL	KMT2D
DTB-036-BL	SMARCA1
DTB-037-BL	TCERG1
DTB-037-BL	ERG
DTB-037-BL	KDM6A
DTB-040-BL	LSAMP
DTB-040-BL	CTNNB1
DTB-040-BL	ERG
DTB-040-BL	TMPRSS2
DTB-053-BL	LSAMP
DTB-053-BL	PIK3R1
DTB-055-PRO	SH3RF1
DTB-055-PRO	ETV1
DTB-055-PRO	KMT2C
DTB-055-PRO	PTEN
DTB-059-BL	LSAMP
DTB-059-BL	CHD1
DTB-059-BL	RASA1
DTB-059-BL	KMT2C
DTB-059-BL	COL5A1
DTB-059-BL	USP7
DTB-060-BL	ATM
DTB-060-BL	FOXA1
DTB-060-BL	ETV4
DTB-061-BL	LSAMP
DTB-061-BL	KMT2C
DTB-061-BL	PTPRD
DTB-061-BL	PTEN
DTB-061-BL	ETV4
DTB-063-BL	RPRD2
DTB-063-BL	HDAC4
DTB-063-BL	SETD2
DTB-063-BL	LSAMP
DTB-063-BL	ETV1
DTB-063-BL	PTPRD
DTB-063-BL	ZFHX3
DTB-063-BL	ERG
DTB-063-BL	MIRLET7BHG
DTB-063-BL	AR
DTB-064-BL	PTPRD
DTB-064-BL	TMPRSS2
DTB-067-PRO	LSAMP
DTB-067-PRO	PTPRD
DTB-067-PRO	USP28
DTB-067-PRO	RB1
DTB-067-PRO	RAD51B
DTB-067-PRO	ERG
DTB-069-BL	EHHADH
DTB-069-BL	ERG
DTB-069-BL	TMPRSS2
DTB-069-BL	AR
DTB-071-BL	LSAMP
DTB-071-BL	ZBTB16
DTB-071-BL	ERG
DTB-071-BL	AR
DTB-074-BL	SPATA18
DTB-074-BL	KMT2C
DTB-077-PRO	LSAMP
DTB-077-PRO	PTEN
DTB-077-PRO	TCF12
DTB-077-PRO	TSC2
DTB-077-PRO	ERG
DTB-080-BL	LSAMP
DTB-080-BL	RAD51B
DTB-080-BL	CDH1
DTB-080-BL	TP53
DTB-080-BL	ERG
DTB-083-BL	LSAMP
DTB-083-BL	IGF2R
DTB-083-BL	NBN
DTB-083-BL	PTPRD
DTB-083-BL	ERG
DTB-085-BL	MGA
DTB-085-BL	ERG
DTB-085-BL	TTC28
DTB-089-BL	ETV1
DTB-089-BL	KMT2C
DTB-089-BL	PTPRD
DTB-089-BL	MAP2K4
DTB-089-BL	ZNRF3
DTB-089-BL	AR
DTB-090-PRO	KMT2C
DTB-090-PRO	PTEN
DTB-090-PRO	ARID2
DTB-090-PRO	ERG
DTB-091-BL	ZNF292
DTB-091-BL	TCF12
DTB-092-BL	LSAMP
DTB-092-BL	PTPRD
DTB-092-BL	ATM
DTB-092-BL	MGA
DTB-092-BL	ERG
DTB-094-BL	ASXL2
DTB-094-BL	LSAMP
DTB-094-BL	PTPRD
DTB-094-BL	PTEN
DTB-094-BL	RAD51B
DTB-094-BL	AR
DTB-097-PRO	LSAMP
DTB-097-PRO	PIK3R1
DTB-097-PRO	COL5A1
DTB-097-PRO	AXIN1
DTB-098-PRO2	PIK3R1
DTB-098-PRO2	ATM
DTB-100-BL	ETV1
DTB-100-BL	KMT2C
DTB-100-BL	ERG
DTB-100-BL	ZNRF3
DTB-101-BL	PTEN
DTB-101-BL	RAD51B
DTB-101-BL	AR
DTB-102-PRO	DHX30
DTB-102-PRO	PDS5A
DTB-102-PRO	PTEN
DTB-102-PRO	RAD51B
DTB-102-PRO	MGA
DTB-102-PRO	AXIN1
DTB-102-PRO	ERG
DTB-102-PRO	TTC28
DTB-102-PRO	KDM6A
DTB-102-PRO	AR
DTB-104-BL	KMT2C
DTB-104-BL	ERG
DTB-104-BL	TMPRSS2
DTB-104-BL	SMARCA1
DTB-111-PRO	JAK1
DTB-111-PRO	ERG
DTB-111-PRO	KDM6A
DTB-112-BL	PTEN
DTB-112-BL	STAB2
DTB-119-PRO	ASXL2
DTB-119-PRO	XPO1
DTB-119-PRO	LSAMP
DTB-119-PRO	ETV1
DTB-119-PRO	PTPRD
DTB-119-PRO	PTEN
DTB-121-BL	ERG
DTB-124-BL	LSAMP
DTB-124-BL	USP28
DTB-124-BL	RAD51B
DTB-124-BL	NCOR1
DTB-124-BL	AR
DTB-126-BL	LSAMP
DTB-126-BL	PTPRD
DTB-126-BL	RAD51B
DTB-127-PRO	PTPRD
DTB-128-BL	PTPRD
DTB-129-BL	CUL3
DTB-129-BL	ERG
DTB-129-BL	TMPRSS2
DTB-132-BL	PTEN
DTB-132-BL	ERG
DTB-135-PRO	KMT2C
DTB-135-PRO	PTPRD
DTB-135-PRO	WASF3
DTB-135-PRO	ETV4
DTB-137-PRO	ATR
DTB-137-PRO	ZFHX3
DTB-138-BL	PDS5A
DTB-138-BL	MGA
DTB-138-BL	ETV4
DTB-138-BL	ZNRF3
DTB-140-BL	ELK4
DTB-140-BL	MAP3K1
DTB-140-BL	KMT2C
DTB-140-BL	PTPRD
DTB-140-BL	PTEN
DTB-140-BL	ETV4
DTB-141-BL	PIK3R1
DTB-141-BL	MAP3K1
DTB-141-BL	RAD51B
DTB-141-BL	TP53
DTB-141-BL	ERG
DTB-141-BL	AR
DTB-143-BL	CUL3
DTB-143-BL	DHX30
DTB-143-BL	ETV5
DTB-146-BL	ZFHX3
DTB-149-BL	PMS1
DTB-149-BL	LSAMP
DTB-149-BL	ERG
DTB-149-BL	MIRLET7BHG
DTB-151-BL	MTOR
DTB-151-BL	ELK4
DTB-151-BL	LSAMP
DTB-151-BL	TCF12
DTB-156-BL	LSAMP
DTB-156-BL	ZBTB16
DTB-156-BL	ERG
DTB-156-BL	KDM6A
DTB-156-BL	AR
DTB-159-BL	ELK4
DTB-159-BL	ARID2
DTB-159-BL	ERG
DTB-165-PRO	MTOR
DTB-165-PRO	LSAMP
DTB-165-PRO	ERG
DTB-167-PRO	ELK4
DTB-167-PRO	CUL3
DTB-167-PRO	LSAMP
DTB-167-PRO	IGF2R
DTB-167-PRO	PTPRD
DTB-167-PRO	RAD51B
DTB-167-PRO	TTC28
DTB-170-BL	LSAMP
DTB-172-BL	LSAMP
DTB-172-BL	PTEN
DTB-172-BL	FANCA
DTB-172-BL	ERG
DTB-172-BL	KDM6A
DTB-175-BL	ASXL2
DTB-175-BL	MSH2
DTB-175-BL	MSH6
DTB-175-BL	HDAC4
DTB-175-BL	LSAMP
DTB-175-BL	PDS5A
DTB-175-BL	KMT2C
DTB-175-BL	PTPRD
DTB-175-BL	PTEN
DTB-175-BL	ETV4
DTB-176-BL	ELK4
DTB-176-BL	IDH1
DTB-176-BL	SSR1
DTB-176-BL	COL5A1
DTB-176-BL	ZFHX3
DTB-176-BL	TP53
DTB-176-BL	CHD6
DTB-176-BL	ERG
DTB-176-BL	TTC28
DTB-183-BL	TCERG1
DTB-183-BL	MET
DTB-183-BL	BAG4
DTB-183-BL	STAB2
DTB-186-BL	LSAMP
DTB-186-BL	GPR19
DTB-186-BL	ERG
DTB-186-BL	ZNRF3
DTB-186-BL	AR
DTB-187-BL	ASXL2
DTB-187-BL	ITSN2
DTB-187-BL	LSAMP
DTB-187-BL	ETV1
DTB-187-BL	TTC28
DTB-188-BL	MTOR
DTB-188-BL	CHD1
DTB-190-BL	LSAMP
DTB-190-BL	WRN
DTB-190-BL	PTPRD
DTB-190-BL	PTEN
DTB-194-PRO	ATM
DTB-194-PRO	ZFP36L1
DTB-201-PRO	FER
DTB-201-PRO	PRKDC
DTB-202-BL	ASXL2
DTB-202-BL	PTEN
DTB-202-BL	TP53
DTB-202-BL	ERG
DTB-204-BL	FER
DTB-204-BL	PTPRD
DTB-205-BL	JAK1
DTB-205-BL	ARID1A
DTB-205-BL	DHX30
DTB-205-BL	IGF2R
DTB-205-BL	TCF12
DTB-205-BL	ERG
DTB-205-BL	TTC28
DTB-206-BL	RAD51B
DTB-206-BL	ERG
DTB-210-BL	SPEN
DTB-210-BL	KMT2C
DTB-213-BL	LSAMP
DTB-213-BL	KMT2C
DTB-213-BL	PRKDC
DTB-213-BL	TP53
DTB-213-BL	ERG
DTB-213-BL	TMPRSS2
DTB-214-BL	RPRD2
DTB-214-BL	SETD2
DTB-214-BL	GEMIN5
DTB-214-BL	NOX3
DTB-214-BL	PTPRD
DTB-214-BL	KMT2A
DTB-214-BL	TTC28
DTB-214-BL	ZNRF3
DTB-216-PRO	IL6ST
DTB-216-PRO	PTEN
DTB-216-PRO	NF1
DTB-216-PRO	ERG
DTB-220-BL	RNF43
DTB-222-BL	LSAMP
DTB-222-BL	GPR19
DTB-223-BL	ELK4
DTB-223-BL	CUL3
DTB-223-BL	PDS5A
DTB-223-BL	IGF2R
DTB-223-BL	PTPRD
DTB-223-BL	ERG
DTB-232-PRO	SMARCAD1
DTB-232-PRO	ZFHX3
DTB-232-PRO	ERG
DTB-234-BL	LSAMP
DTB-234-BL	NKX3-1
DTB-234-BL	PTEN
DTB-234-BL	RAD51B
DTB-234-BL	ERG
DTB-251-BL	ERG
DTB-251-BL	TMPRSS2
DTB-252-BL	LSAMP
DTB-252-BL	KMT2C
DTB-252-BL	CHD7
DTB-252-BL	PTPRD
DTB-252-BL	TMPRSS2
DTB-255-BL	PIK3R1
DTB-255-BL	ERG
DTB-258-BL	LSAMP
DTB-258-BL	PTEN
DTB-258-BL	ERG
DTB-258-BL	TMPRSS2
DTB-258-BL	TTC28
DTB-260-BL	LSAMP
DTB-260-BL	KMT2C
DTB-260-BL	TTC28
DTB-261-BL	KMT2C
DTB-265-PRO	KMT2C
DTB-265-PRO	ATM
DTB-265-PRO	GPR19
DTB-265-PRO	RAD51B
DTB-265-PRO	CDC27
DTB-266-BL	RPRD2
DTB-266-BL	COL15A1
DTB-266-BL	ERG
01115154-TA1	USP28
01115154-TA1	CCND1
01115154-TA1	TMPRSS2
01115154-TA1	AR
01115156-TA1	MYC
01115156-TA1	TMPRSS2
01115156-TC5	MYC
01115156-TC5	COL5A1
01115156-TC5	TMPRSS2
01115157-TA3	NCOR1
01115157-TA3	TMPRSS2
01115157-TC3	NCOR1
01115157-TC3	TMPRSS2
01115183-TA1	TRPM4
01115183-TA1	TMPRSS2
01115202-TC2	NCOR1
01115202-TC2	MET
01115202-TC2	KMT2C
01115202-TC2	RSPO2
01115202-TC2	AR
01115202-TC2	KDM6A
01115248-TA3	TTC28
01115248-TA3	PIK3CA
01115248-TA3	COL15A1
01115248-TA3	AXIN2
01115248-TA3	ITSN1
01115249-TC5	ZFHX3
01115249-TC5	AR
01115249-TC5	TTC28
01115257-TA4	SLC4A2
01115257-TA4	ITSN1
01115257-TA4	ZMYM3
01115263-TA3	PMS1
01115263-TA3	LSAMP
01115326-TA3	SSR1
01115326-TA3	TTC28
01115326-TA3	FOXA1
01115374-TA2	SETDB1
01115374-TA2	PIK3CB
01115374-TA2	PRKDC
01115374-TA2	PTEN
01115374-TA2	ZBTB16
01115378-TA2	ADAMTS8
01115378-TA2	TMPRSS2
01115414-TA1	SH3RF1
01115414-TA1	ZNRF3
01115414-TA1	AR
01115444-TA5	COL5A1
01115468-TA3	PYHIN1
01115468-TA3	ETV1
01115468-TA3	APC
01115468-TA3	TTC28
01115503-TC2	SETDB1
01115503-TC2	PIK3CB
01115503-TC2	PRKDC
01115503-TC2	PTEN
01115503-TC2	ZBTB16
01115503-TC2	SPOP
01115525-TA1	ERF
01115531-TA4	FOXA1
01115549-TA4	TMPRSS2
01115554-TA2	TRPM4
01115556-TC1	COL5A1
01115556-TC1	TMPRSS2
01115569-TC1	ETV1
01115576-TC2	ARID2
01115576-TC2	TMPRSS2
01115577-TC1	PIK3CA
01115578-TC4	ASXL2
01115581-TA3	CHD7
01115589-TC2	LSAMP
01115589-TC2	MYC
01115606-TA2	ETV1
01115644-TA1	FER
01115644-TA1	APC
01115655-TA1	RAD51B
01115655-TA1	BRAF
01115655-TA1	STAB2
01115655-TA1	TMPRSS2
01115655-TC1	TTC28
01115655-TC1	BRAF
01115655-TC1	NCOR2
01115655-TC1	AR
01115668-TA4	MSH2
01115668-TA4	TP53
01115668-TA4	COL5A1
01115668-TA4	PTEN
01115669-TA3	RAD51B
01115669-TA3	TP53
06115115-T	TP53
DTB-003-BL	RB1
DTB-003-BL	ERG
DTB-003-BL	TMPRSS2
DTB-005-BL	TTC28
DTB-005-BL	PTEN
DTB-008-BL	MTOR
DTB-008-BL	COL5A1
DTB-008-BL	BRCA1
DTB-008-BL	TMPRSS2
DTB-008-BL	MIRLET7BHG
DTB-009-BL	MIRLET7BHG
DTB-009-BL	CDKN1B
DTB-009-BL	TP53
DTB-011-BL	SLC4A2
DTB-011-BL	FOXA1
DTB-011-BL	TTC28
DTB-018-BL	SAMD9
DTB-018-BL	SPOP
DTB-018-BL	TMPRSS2
DTB-019-PRO	TTC28
DTB-019-PRO	CDK12
DTB-019-PRO	RNF43
DTB-019-PRO	TMPRSS2
DTB-020-BL	TMPRSS2
DTB-021-BL	PTEN
DTB-021-BL	FOXA1
DTB-022-BL	RB1
DTB-023-BL	LSAMP
DTB-023-BL	IL6ST
DTB-023-BL	TTC28
DTB-024-PRO	NCOR2
DTB-034-BL	KMT2D
DTB-034-BL	ZFHX3
DTB-034-BL	TMPRSS2
DTB-035-BL	JAK1
DTB-036-BL	HDAC4
DTB-037-BL	ASXL2
DTB-037-BL	TTC28
DTB-037-BL	KRAS
DTB-037-BL	TMPRSS2
DTB-040-BL	MRE11
DTB-042-BL	KEAP1
DTB-053-BL	RB1
DTB-053-BL	FANCA
DTB-055-PRO	TTC28
DTB-055-PRO	CDK12
DTB-059-BL	JAK1
DTB-059-BL	ETV5
DTB-059-BL	TTC28
DTB-061-BL	TTC28
DTB-061-BL	MAP3K1
DTB-061-BL	SMARCA1
DTB-061-BL	TP53
DTB-061-BL	MIRLET7BHG
DTB-063-BL	TTC28
DTB-064-BL	AXL
DTB-067-PRO	MAP2K4
DTB-067-PRO	TMPRSS2
DTB-069-BL	NCOR1
DTB-069-BL	TTC28
DTB-071-BL	TMPRSS2
DTB-071-BL	CDKN1B
DTB-071-BL	TTC28
DTB-074-BL	PTPRC
DTB-077-PRO	NF1
DTB-077-PRO	TMPRSS2
DTB-080-BL	TTC28
DTB-080-BL	TMPRSS2
DTB-083-BL	TMPRSS2
DTB-083-BL	MSH6
DTB-083-BL	ITSN1
DTB-085-BL	TMPRSS2
DTB-089-BL	RNF43
DTB-089-BL	NCOR1
DTB-089-BL	TMPRSS2
DTB-089-BL	PTEN
DTB-089-BL	TTC28
DTB-090-PRO	TP53
DTB-090-PRO	TMPRSS2
DTB-092-BL	TTC28
DTB-092-BL	TCF12
DTB-092-BL	AR
DTB-092-BL	TMPRSS2
DTB-094-BL	TTC28
DTB-094-BL	ZFHX3
DTB-097-PRO	ZFHX3
DTB-097-PRO	ETV1
DTB-097-PRO	NKX3-1
DTB-097-PRO	PTEN
DTB-097-PRO	RB1
DTB-097-PRO	TTC28
DTB-097-PRO	CDH1
DTB-097-PRO	MIRLET7BHG
DTB-098-PRO2	TTC28
DTB-100-BL	TTC28
DTB-100-BL	RSPO2
DTB-101-BL	IL6ST
DTB-101-BL	TTC28
DTB-101-BL	ERG
DTB-101-BL	ZNRF3
DTB-102-PRO	TMPRSS2
DTB-104-BL	PTPRD
DTB-104-BL	AR
DTB-111-PRO	TTC28
DTB-111-PRO	ZFP36L1
DTB-111-PRO	TMPRSS2
DTB-121-BL	SETDB1
DTB-121-BL	TTC28
DTB-121-BL	CDKN1B
DTB-121-BL	TMPRSS2
DTB-124-BL	MGA
DTB-124-BL	ZNRF3
DTB-124-BL	TCF12
DTB-124-BL	ZFHX3
DTB-126-BL	BRAF
DTB-126-BL	KDM6A
DTB-127-PRO	ZFHX3
DTB-128-BL	JAK1
DTB-128-BL	AR
DTB-129-BL	PTEN
DTB-129-BL	TTC28
DTB-132-BL	ZFHX3
DTB-132-BL	TMPRSS2
DTB-135-PRO	SMARCA1
DTB-135-PRO	RB1
DTB-135-PRO	TTC28
DTB-135-PRO	TP53
DTB-135-PRO	FOXA1
DTB-138-BL	HDAC4
DTB-138-BL	PIK3R1
DTB-138-BL	TTC28
DTB-138-BL	TMPRSS2
DTB-140-BL	TTC28
DTB-140-BL	TP53
DTB-140-BL	COL5A3
DTB-140-BL	TMPRSS2
DTB-141-BL	TMPRSS2
DTB-141-BL	TTC28
DTB-141-BL	ZFP36L1
DTB-143-BL	TMPRSS2
DTB-143-BL	PTPRD
DTB-146-BL	CCND1
DTB-149-BL	HDAC4
DTB-149-BL	TP53
DTB-149-BL	BRCA2
DTB-149-BL	TMPRSS2
DTB-151-BL	ERG
DTB-151-BL	TTC28
DTB-151-BL	ZFP36L1
DTB-156-BL	CDH1
DTB-156-BL	MIRLET7BHG
DTB-156-BL	ARID2
DTB-156-BL	FOXA1
DTB-156-BL	TMPRSS2
DTB-159-BL	TMPRSS2
DTB-165-PRO	TTC28
DTB-165-PRO	NCOR1
DTB-165-PRO	TMPRSS2
DTB-165-PRO	AR
DTB-167-PRO	PTEN
DTB-167-PRO	CHD6
DTB-170-BL	TTC28
DTB-170-BL	ZNRF3
DTB-172-BL	TTC28
DTB-172-BL	TMPRSS2
DTB-173-BL	BRCA1
DTB-173-BL	ERG
DTB-173-BL	TCF12
DTB-173-BL	TTC28
DTB-175-BL	TTC28
DTB-175-BL	ZFP36L1
DTB-175-BL	JADE2
DTB-175-BL	AR
DTB-176-BL	PTEN
DTB-176-BL	TMPRSS2
DTB-176-BL	AR
DTB-183-BL	JADE2
DTB-183-BL	TTC28
DTB-183-BL	BLM
DTB-183-BL	BRIP1
DTB-183-BL	ERG
DTB-186-BL	TMPRSS2
DTB-187-BL	TCF12
DTB-187-BL	ZNRF3
DTB-187-BL	PTEN
DTB-187-BL	GNAS
DTB-188-BL	AR
DTB-190-BL	ZFHX3
DTB-190-BL	TP53
DTB-201-PRO	ZFHX3
DTB-201-PRO	TTC28
DTB-201-PRO	AR
DTB-202-BL	TMPRSS2
DTB-204-BL	TTC28
DTB-205-BL	MSH2
DTB-205-BL	IL6ST
DTB-205-BL	MYC
DTB-205-BL	COL5A3
DTB-205-BL	BRAF
DTB-205-BL	KMT2C
DTB-205-BL	GNAS
DTB-205-BL	TBC1D2
DTB-205-BL	ZBTB16
DTB-205-BL	TMPRSS2
DTB-206-BL	TMPRSS2
DTB-206-BL	RB1
DTB-206-BL	TSC2
DTB-210-BL	TTC28
DTB-210-BL	ZBTB16
DTB-210-BL	ARID2
DTB-213-BL	MGA
DTB-214-BL	ELK4
DTB-214-BL	MSH2
DTB-214-BL	IGF2R
DTB-214-BL	PRKDC
DTB-214-BL	TCF12
DTB-216-PRO	PMS1
DTB-216-PRO	TP53
DTB-216-PRO	TCF12
DTB-216-PRO	BAG4
DTB-216-PRO	TMPRSS2
DTB-220-BL	TTC28
DTB-220-BL	PTPRD
DTB-222-BL	ETV1
DTB-222-BL	ATM
DTB-223-BL	TTC28
DTB-223-BL	TMPRSS2
DTB-232-PRO	TTC28
DTB-232-PRO	TP53
DTB-232-PRO	TMPRSS2
DTB-234-BL	PIK3CA
DTB-234-BL	ATR
DTB-234-BL	TTC28
DTB-234-BL	TMPRSS2
DTB-251-BL	TTC28
DTB-252-BL	PTEN
DTB-252-BL	TTC28
DTB-255-BL	TTC28
DTB-255-BL	CHD3
DTB-255-BL	TMPRSS2
DTB-258-BL	RB1
DTB-261-BL	ZFHX3
DTB-261-BL	SMARCA1
DTB-265-PRO	COL5A3
DTB-265-PRO	TTC28
DTB-265-PRO	CHD1
DTB-265-PRO	KMT2A
DTB-265-PRO	ZBTB16
DTB-266-BL	TMPRSS2
01115154-TA1	MTOR
01115154-TA1	ELK4
01115154-TA1	XPO1
01115154-TA1	BAG4
01115154-TA1	MYC
01115154-TA1	ADAMTS8
01115156-TA1	SLC4A2
01115156-TA1	NCOR2
01115156-TA1	AR
01115156-TC5	HRAS
01115156-TC5	CCND1
01115156-TC5	NCOR2
01115156-TC5	AR
01115157-TA3	MTOR
01115157-TA3	TAF1L
01115157-TA3	U2AF1
01115157-TC3	HDAC4
01115157-TC3	EHHADH
01115157-TC3	TAF1L
01115157-TC3	BRCA1
01115157-TC3	ETV4
01115157-TC3	PIK3R2
01115157-TC3	TRPM4
01115157-TC3	MED12
01115183-TA1	TAF1L
01115183-TA1	MAP2K1
01115183-TA1	TSC2
01115202-TC2	XPO1
01115202-TC2	SMARCAD1
01115202-TC2	MAP3K1
01115202-TC2	RASA1
01115202-TC2	APC
01115202-TC2	TCERG1
01115202-TC2	BRAF
01115202-TC2	SLC4A2
01115202-TC2	NKX3-1
01115202-TC2	MYC
01115202-TC2	TBC1D2
01115202-TC2	PAX6
01115202-TC2	CCND1
01115202-TC2	ATM
01115202-TC2	USP28
01115202-TC2	ZBTB16
01115202-TC2	KMT2A
01115202-TC2	KMT2D
01115202-TC2	CDK4
01115202-TC2	RNF31
01115202-TC2	FOXA1
01115202-TC2	PPL
01115202-TC2	PALB2
01115202-TC2	CDC27
01115202-TC2	MBD1
01115202-TC2	ERCC2
01115202-TC2	CNOT3
01115202-TC2	CHD6
01115202-TC2	ITSN1
01115202-TC2	TMPRSS2
01115202-TC2	SMARCA1
01115244-TA3	PTPRC
01115244-TA3	CDC27
01115244-TA3	AR
01115248-TA3	IDH1
01115248-TA3	IL6ST
01115248-TA3	PAX6
01115248-TA3	BRCA2
01115248-TA3	FOXA1
01115248-TA3	CDH1
01115248-TA3	PRPF8
01115248-TA3	MYBBP1A
01115248-TA3	ERCC2
01115248-TA3	ERG
01115248-TA3	AR
01115248-TA3	SMARCA1
01115249-TC5	MTOR
01115249-TC5	ITSN2
01115249-TC5	TAP1
01115249-TC5	WRN
01115249-TC5	WASF3
01115249-TC5	TP53
01115249-TC5	CHD3
01115249-TC5	CNOT3
01115249-TC5	MED12
01115249-TC5	ZMYM3
01115257-TA4	HDAC4
01115257-TA4	FANCD2
01115257-TA4	MET
01115257-TA4	KMT2C
01115257-TA4	MYC
01115257-TA4	RB1
01115257-TA4	PRPF8
01115257-TA4	CDC27
01115257-TA4	SPOP
01115257-TA4	TMPRSS2
01115257-TA4	MED12
01115263-TA3	PTPRC
01115263-TA3	NCOR1
01115284-TA9	ELK4
01115284-TA9	XPO1
01115284-TA9	SF3B1
01115284-TA9	APC
01115284-TA9	NOX3
01115284-TA9	PTEN
01115284-TA9	USP7
01115284-TA9	NCOR1
01115326-TA3	ARID1A
01115326-TA3	ETV5
01115326-TA3	RNF31
01115326-TA3	PALB2
01115326-TA3	FANCA
01115326-TA3	AXL
01115374-TA2	FANCD2
01115374-TA2	SEL1L3
01115374-TA2	SAMD9
01115374-TA2	KMT2C
01115374-TA2	NKX3-1
01115374-TA2	RSPO2
01115374-TA2	MYC
01115374-TA2	FANCG
01115374-TA2	TBC1D2
01115374-TA2	ADAMTS8
01115374-TA2	STAB2
01115374-TA2	NCOR2
01115374-TA2	TSC2
01115374-TA2	RNF43
01115374-TA2	COL5A3
01115374-TA2	CNOT3
01115374-TA2	MATN4
01115374-TA2	AR
01115378-TA2	MTOR
01115378-TA2	ZFP36L2
01115378-TA2	SEL1L3
01115378-TA2	SSR1
01115378-TA2	WRN
01115378-TA2	CCND1
01115378-TA2	NCOR2
01115414-TA1	ELK4
01115414-TA1	SMARCAD1
01115414-TA1	CHD1
01115414-TA1	TAP1
01115414-TA1	TBC1D2
01115414-TA1	TSC1
01115414-TA1	CCND1
01115414-TA1	MRE11
01115414-TA1	CDK4
01115414-TA1	FOXA1
01115414-TA1	BLM
01115414-TA1	USP7
01115414-TA1	NF1
01115414-TA1	CDK12
01115414-TA1	CTDP1
01115414-TA1	ERCC2
01115414-TA1	GNAS
01115444-TA5	NBN
01115444-TA5	TCF12
01115468-TA3	XPO1
01115468-TA3	TBC1D2
01115468-TA3	ZBTB16
01115468-TA3	NCOR2
01115468-TA3	FOXA1
01115503-TC2	FANCD2
01115503-TC2	TCERG1
01115503-TC2	SAMD9
01115503-TC2	SLC4A2
01115503-TC2	NKX3-1
01115503-TC2	RSPO2
01115503-TC2	FANCG
01115503-TC2	TBC1D2
01115503-TC2	ADAMTS8
01115503-TC2	NCOR2
01115503-TC2	TSC2
01115503-TC2	RNF43
01115503-TC2	COL5A3
01115503-TC2	CNOT3
01115503-TC2	MATN4
01115503-TC2	AR
01115525-TA1	ETV3
01115525-TA1	PTPRC
01115525-TA1	ELK4
01115525-TA1	PIK3CB
01115525-TA1	IL6ST
01115525-TA1	SLC4A2
01115525-TA1	CDKN2A
01115525-TA1	CCND1
01115525-TA1	NCOR2
01115525-TA1	BRCA1
01115525-TA1	ETV4
01115531-TA4	TAP1
01115531-TA4	BRAF
01115531-TA4	SLC4A2
01115531-TA4	KMT2C
01115531-TA4	RAG1
01115531-TA4	AXIN2
01115531-TA4	KEAP1
01115531-TA4	AR
01115549-TA4	GEMIN5
01115549-TA4	NDST2
01115549-TA4	NCOR2
01115549-TA4	BLM
01115554-TA2	ITSN2
01115554-TA2	KMT2C
01115554-TA2	MAP2K4
01115554-TA2	ERG
01115554-TA2	TMPRSS2
01115556-TC1	KEAP1
01115556-TC1	AR
01115569-TC1	PYHIN1
01115569-TC1	ETV5
01115569-TC1	PDS5A
01115569-TC1	RASA1
01115569-TC1	APC
01115569-TC1	NKX3-1
01115569-TC1	PRKDC
01115569-TC1	COL5A1
01115569-TC1	NF1
01115569-TC1	RNF43
01115569-TC1	ERCC2
01115574-TC3	TAP1
01115574-TC3	KMT2C
01115574-TC3	RNF31
01115574-TC3	NF1
01115574-TC3	BRCA1
01115574-TC3	AR
01115576-TC2	MTOR
01115576-TC2	MYC
01115576-TC2	NCOR2
01115576-TC2	ERCC2
01115577-TC1	RPRD2
01115577-TC1	NBN
01115577-TC1	CDC27
01115577-TC1	AXIN2
01115577-TC1	AR
01115578-TC4	CTNNB1
01115578-TC4	RNF31
01115578-TC4	U2AF1
01115581-TA3	PDS5A
01115581-TA3	KRAS
01115581-TA3	BRCA2
01115581-TA3	FOXA1
01115581-TA3	FANCA
01115589-TC2	BRAF
01115589-TC2	ADAMTS8
01115589-TC2	NCOR2
01115589-TC2	MAP2K1
01115589-TC2	FANCA
01115589-TC2	PIK3R2
01115589-TC2	ERCC2
01115606-TA2	MTOR
01115606-TA2	JAK1
01115606-TA2	SEL1L3
01115644-TA1	SLC4A2
01115644-TA1	NCOR2
01115644-TA1	FOXA1
01115644-TA1	USP7
01115644-TA1	ERF
01115644-TA1	U2AF1
01115655-TA1	PTPRC
01115655-TA1	SF3B1
01115655-TA1	SETD2
01115655-TA1	DHX30
01115655-TA1	KMT2C
01115655-TA1	CDK4
01115655-TA1	FOXA1
01115655-TA1	AKT1
01115655-TA1	TSC2
01115655-TA1	KEAP1
01115655-TC1	PTPRC
01115655-TC1	SF3B1
01115655-TC1	APC
01115655-TC1	HRAS
01115655-TC1	GPR19
01115655-TC1	CDKN1B
01115655-TC1	KMT2D
01115655-TC1	CDK4
01115655-TC1	FOXA1
01115655-TC1	ERCC2
01115668-TA4	SETDB1
01115668-TA4	NDST2
01115668-TA4	USP7
01115668-TA4	TRPM4
01115668-TA4	CNOT3
01115668-TA4	TMPRSS2
01115669-TA3	MAP3K1
01115669-TA3	RNF31
01115669-TA3	AKT1
01115669-TA3	NF1
06115115-T	BRAF
06115115-T	SLC4A2
06115115-T	ERF
06115117-T	SETD2
06115117-T	AR
06115118-T	IL6ST
06115118-T	AR
6115233-T-C1	MYC
6115233-T-C1	PTEN
6115233-T-C1	CCND1
6115233-T-C1	FOXA1
6115233-T-C1	AR
DTB-003-BL	CTNNB1
DTB-003-BL	TAP1
DTB-003-BL	IGF2R
DTB-003-BL	COL5A1
DTB-003-BL	RAD51B
DTB-003-BL	MGA
DTB-003-BL	MAP2K4
DTB-003-BL	ERF
DTB-005-BL	EHHADH
DTB-005-BL	SPATA18
DTB-005-BL	BAG4
DTB-005-BL	NBN
DTB-005-BL	PAX6
DTB-005-BL	USP7
DTB-005-BL	CHD6
DTB-008-BL	ZFP36L2
DTB-008-BL	CDKN2A
DTB-008-BL	HRAS
DTB-008-BL	FOXA1
DTB-008-BL	ETV4
DTB-008-BL	AR
DTB-009-BL	U2AF1
DTB-011-BL	ZFP36L2
DTB-011-BL	SPATA18
DTB-011-BL	KMT2D
DTB-018-BL	SETD2
DTB-018-BL	DHX30
DTB-018-BL	PTEN
DTB-018-BL	FOXA1
DTB-018-BL	AKT1
DTB-018-BL	TP53
DTB-018-BL	CHD3
DTB-019-PRO	BAG4
DTB-019-PRO	PTPRD
DTB-019-PRO	NF1
DTB-019-PRO	AR
DTB-020-BL	CUL3
DTB-020-BL	PDS5A
DTB-020-BL	TAP1
DTB-020-BL	PTEN
DTB-020-BL	ADAMTS8
DTB-020-BL	KMT2D
DTB-020-BL	WASF3
DTB-020-BL	CNOT3
DTB-020-BL	AR
DTB-021-BL	MYC
DTB-021-BL	ERCC2
DTB-021-BL	AR
DTB-022-BL	SETD2
DTB-022-BL	DHX30
DTB-022-BL	FOXA1
DTB-022-BL	USP7
DTB-022-BL	AR
DTB-023-BL	PYHIN1
DTB-023-BL	SH3RF1
DTB-023-BL	APC
DTB-023-BL	GEMIN5
DTB-023-BL	SSR1
DTB-023-BL	NBN
DTB-023-BL	PIK3R2
DTB-024-PRO	ETV5
DTB-024-PRO	ZFP36L1
DTB-024-PRO	AR
DTB-034-BL	JADE2
DTB-034-BL	PALB2
DTB-034-BL	CDC27
DTB-034-BL	SPOP
DTB-034-BL	AR
DTB-035-BL	ARID1A
DTB-035-BL	CHD1
DTB-035-BL	SLC4A2
DTB-035-BL	TAF1L
DTB-035-BL	FOXA1
DTB-035-BL	ZFHX3
DTB-035-BL	AR
DTB-036-BL	SLC4A2
DTB-036-BL	GPR19
DTB-036-BL	CDKN1B
DTB-036-BL	KRAS
DTB-037-BL	CCND1
DTB-037-BL	AKT1
DTB-037-BL	NF1
DTB-040-BL	SETD2
DTB-040-BL	IL6ST
DTB-040-BL	RB1
DTB-040-BL	FANCA
DTB-040-BL	CTDP1
DTB-042-BL	TAP1
DTB-042-BL	WRN
DTB-042-BL	CDKN2A
DTB-042-BL	PTEN
DTB-042-BL	NF1
DTB-042-BL	AR
DTB-053-BL	CHD1
DTB-053-BL	TAP1
DTB-053-BL	FOXA1
DTB-053-BL	MAP2K1
DTB-053-BL	PIK3R2
DTB-055-PRO	ETV3
DTB-055-PRO	TAP1
DTB-055-PRO	BRCA2
DTB-055-PRO	FOXA1
DTB-055-PRO	ZFHX3
DTB-059-BL	SPEN
DTB-059-BL	RPRD2
DTB-059-BL	SF3B1
DTB-059-BL	EHHADH
DTB-059-BL	APC
DTB-059-BL	SSR1
DTB-059-BL	SLC4A2
DTB-059-BL	NBN
DTB-059-BL	RSPO2
DTB-059-BL	MYC
DTB-059-BL	PTPRD
DTB-059-BL	TSC1
DTB-059-BL	AXIN1
DTB-059-BL	PPL
DTB-059-BL	AR
DTB-060-BL	SPATA18
DTB-060-BL	CCND1
DTB-060-BL	TTC28
DTB-061-BL	DHX30
DTB-061-BL	SSR1
DTB-061-BL	ZNF292
DTB-061-BL	COL5A1
DTB-061-BL	RNF31
DTB-063-BL	SETDB1
DTB-063-BL	ZFP36L2
DTB-063-BL	XPO1
DTB-063-BL	PMS1
DTB-063-BL	SF3B1
DTB-063-BL	GEMIN5
DTB-063-BL	BRAF
DTB-063-BL	SLC4A2
DTB-063-BL	KMT2C
DTB-063-BL	WRN
DTB-063-BL	TAF1L
DTB-063-BL	NDST2
DTB-063-BL	KMT2D
DTB-063-BL	ARID4A
DTB-063-BL	AKT1
DTB-063-BL	TSC2
DTB-063-BL	USP7
DTB-063-BL	FANCA
DTB-063-BL	PRPF8
DTB-063-BL	MAP2K4
DTB-063-BL	MBD1
DTB-063-BL	CTDP1
DTB-063-BL	TRPM4
DTB-063-BL	ITSN1
DTB-064-BL	ARID1A
DTB-064-BL	SPATA18
DTB-064-BL	TAP1
DTB-064-BL	CCND1
DTB-064-BL	RNF31
DTB-064-BL	AKT1
DTB-064-BL	FANCA
DTB-064-BL	NCOR1
DTB-064-BL	ETV4
DTB-064-BL	CDC27
DTB-064-BL	TRPM4
DTB-064-BL	MATN4
DTB-064-BL	AR
DTB-067-PRO	ETV3
DTB-067-PRO	FANCD2
DTB-067-PRO	TAP1
DTB-067-PRO	PAX6
DTB-067-PRO	CDKN1B
DTB-067-PRO	RNF31
DTB-067-PRO	TSC2
DTB-067-PRO	GNAS
DTB-069-BL	SH3RF1
DTB-069-BL	KMT2C
DTB-069-BL	CCND1
DTB-069-BL	CDK4
DTB-069-BL	MGA
DTB-069-BL	PIK3R2
DTB-071-BL	EHHADH
DTB-071-BL	ZNF292
DTB-071-BL	NOX3
DTB-071-BL	ADAMTS8
DTB-071-BL	FOXA1
DTB-071-BL	MAP2K1
DTB-071-BL	PIK3R2
DTB-071-BL	TRPM4
DTB-071-BL	CNOT3
DTB-071-BL	MED12
DTB-071-BL	ZMYM3
DTB-074-BL	ETV3
DTB-074-BL	ITSN2
DTB-074-BL	NBN
DTB-074-BL	FOXA1
DTB-077-PRO	EHHADH
DTB-077-PRO	ETV5
DTB-077-PRO	IL6ST
DTB-077-PRO	ZNF292
DTB-077-PRO	NCOR1
DTB-077-PRO	AR
DTB-080-BL	ITSN2
DTB-080-BL	SETD2
DTB-080-BL	MYC
DTB-080-BL	NDST2
DTB-080-BL	NCOR2
DTB-080-BL	MGA
DTB-080-BL	AXL
DTB-080-BL	TRPM4
DTB-080-BL	AR
DTB-080-BL	MED12
DTB-080-BL	ZMYM3
DTB-083-BL	MSH2
DTB-083-BL	SPATA18
DTB-083-BL	IL6ST
DTB-083-BL	COL15A1
DTB-083-BL	AXL
DTB-083-BL	AR
DTB-085-BL	IL6ST
DTB-085-BL	KMT2C
DTB-085-BL	TCF12
DTB-085-BL	NCOR1
DTB-089-BL	IL6ST
DTB-089-BL	SAMD9
DTB-089-BL	SLC4A2
DTB-089-BL	BAG4
DTB-089-BL	FOXA1
DTB-089-BL	PPL
DTB-089-BL	PALB2
DTB-089-BL	PIK3R2
DTB-090-PRO	ELK4
DTB-090-PRO	HRAS
DTB-090-PRO	PAX6
DTB-090-PRO	AR
DTB-091-BL	PAX6
DTB-091-BL	NCOR1
DTB-091-BL	BRIP1
DTB-091-BL	UNC13D
DTB-091-BL	AR
DTB-092-BL	ETV5
DTB-092-BL	TAP1
DTB-092-BL	PTEN
DTB-092-BL	KMT2A
DTB-092-BL	BRCA2
DTB-092-BL	BLM
DTB-092-BL	SPOP
DTB-092-BL	ERCC2
DTB-094-BL	ATR
DTB-094-BL	SPATA18
DTB-094-BL	MYC
DTB-094-BL	FANCG
DTB-097-PRO	MTOR
DTB-097-PRO	DHX30
DTB-097-PRO	NDST2
DTB-097-PRO	CDK4
DTB-097-PRO	ERF
DTB-097-PRO	CNOT3
DTB-097-PRO	ITSN1
DTB-097-PRO	U2AF1
DTB-097-PRO	ZNRF3
DTB-098-PRO2	SH3RF1
DTB-100-BL	ZFP36L2
DTB-100-BL	IL6ST
DTB-100-BL	MAP3K1
DTB-100-BL	AR
DTB-101-BL	CTNNB1
DTB-101-BL	SH3RF1
DTB-101-BL	TAF1L
DTB-101-BL	CCND1
DTB-101-BL	ARID2
DTB-101-BL	TRPM4
DTB-101-BL	ZMYM3
DTB-102-PRO	TAP1
DTB-102-PRO	NOX3
DTB-102-PRO	SLC4A2
DTB-102-PRO	GPR19
DTB-102-PRO	CDKN1B
DTB-102-PRO	AKT1
DTB-104-BL	PYHIN1
DTB-104-BL	SPATA18
DTB-104-BL	GEMIN5
DTB-104-BL	IGF2R
DTB-104-BL	FOXA1
DTB-104-BL	MBD1
DTB-111-PRO	ELK4
DTB-111-PRO	ZFP36L2
DTB-111-PRO	FOXA1
DTB-111-PRO	FANCA
DTB-111-PRO	AR
DTB-111-PRO	MED12
DTB-111-PRO	ZMYM3
DTB-112-BL	PRKDC
DTB-112-BL	KMT2D
DTB-112-BL	MYBBP1A
DTB-112-BL	TP53
DTB-112-BL	CHD3
DTB-112-BL	MAP2K4
DTB-119-PRO	ARID1A
DTB-119-PRO	MYC
DTB-119-PRO	AR
DTB-121-BL	ETV3
DTB-121-BL	LSAMP
DTB-121-BL	IL6ST
DTB-121-BL	MAP3K1
DTB-121-BL	TCERG1
DTB-121-BL	PTEN
DTB-121-BL	CDH1
DTB-121-BL	ZFHX3
DTB-121-BL	MIRLET7BHG
DTB-124-BL	SETD2
DTB-124-BL	PTEN
DTB-126-BL	JAK1
DTB-126-BL	IL6ST
DTB-126-BL	FOXA1
DTB-126-BL	ZFHX3
DTB-126-BL	TP53
DTB-126-BL	CHD3
DTB-126-BL	SPOP
DTB-126-BL	AR
DTB-127-PRO	ARID1A
DTB-127-PRO	PYHIN1
DTB-127-PRO	BRAF
DTB-127-PRO	BAG4
DTB-127-PRO	MYC
DTB-127-PRO	CCND1
DTB-127-PRO	CDK4
DTB-127-PRO	AXIN2
DTB-127-PRO	AR
DTB-128-BL	ITSN2
DTB-128-BL	IL6ST
DTB-128-BL	RASA1
DTB-128-BL	BRCA2
DTB-129-BL	ARID1A
DTB-129-BL	ASXL2
DTB-129-BL	LSAMP
DTB-129-BL	IL6ST
DTB-129-BL	TCERG1
DTB-129-BL	MYC
DTB-129-BL	GPR19
DTB-129-BL	CDKN1B
DTB-129-BL	AXIN1
DTB-129-BL	AR
DTB-132-BL	PYHIN1
DTB-132-BL	ITSN2
DTB-132-BL	RASA1
DTB-132-BL	NKX3-1
DTB-132-BL	ATM
DTB-132-BL	PALB2
DTB-132-BL	MIRLET7BHG
DTB-132-BL	AR
DTB-135-PRO	PIK3CA
DTB-135-PRO	PTEN
DTB-135-PRO	MATN4
DTB-137-PRO	SETDB1
DTB-137-PRO	HDAC4
DTB-137-PRO	BRPF1
DTB-137-PRO	FANCD2
DTB-137-PRO	IL6ST
DTB-137-PRO	TAP1
DTB-137-PRO	RAD51B
DTB-137-PRO	SPOP
DTB-137-PRO	AR
DTB-138-BL	SPATA18
DTB-138-BL	TCERG1
DTB-138-BL	IGF2R
DTB-138-BL	RNF31
DTB-138-BL	CNOT3
DTB-138-BL	AR
DTB-140-BL	IL6ST
DTB-140-BL	TAF1L
DTB-140-BL	COL15A1
DTB-140-BL	AR
DTB-141-BL	MTOR
DTB-141-BL	IL6ST
DTB-141-BL	HRAS
DTB-141-BL	MGA
DTB-141-BL	CHD3
DTB-143-BL	CDK4
DTB-143-BL	MAP2K1
DTB-143-BL	AR
DTB-146-BL	AR
DTB-149-BL	XPO1
DTB-151-BL	TAP1
DTB-151-BL	BRAF
DTB-151-BL	CCND1
DTB-151-BL	FOXA1
DTB-151-BL	RAD51B
DTB-151-BL	MGA
DTB-151-BL	PPL
DTB-151-BL	USP7
DTB-151-BL	AR
DTB-156-BL	ARID1A
DTB-156-BL	KMT2C
DTB-156-BL	MYC
DTB-156-BL	CDKN2A
DTB-156-BL	TBC1D2
DTB-156-BL	COL15A1
DTB-156-BL	RAD51B
DTB-156-BL	TCF12
DTB-159-BL	MSH2
DTB-159-BL	MSH6
DTB-159-BL	FER
DTB-159-BL	MRE11
DTB-159-BL	AKT1
DTB-159-BL	ITSN1
DTB-165-PRO	JAK1
DTB-165-PRO	USP7
DTB-165-PRO	CNOT3
DTB-167-PRO	IL6ST
DTB-167-PRO	GEMIN5
DTB-167-PRO	ETV1
DTB-167-PRO	NBN
DTB-167-PRO	FOXA1
DTB-167-PRO	AR
DTB-170-BL	CHD1
DTB-170-BL	FER
DTB-170-BL	NBN
DTB-170-BL	MYC
DTB-170-BL	TRPM4
DTB-170-BL	AR
DTB-172-BL	RASA1
DTB-172-BL	CCND1
DTB-172-BL	SPOP
DTB-173-BL	ZFP36L2
DTB-173-BL	MSH2
DTB-173-BL	MYC
DTB-173-BL	PALB2
DTB-173-BL	CNOT3
DTB-175-BL	EHHADH
DTB-175-BL	KRAS
DTB-175-BL	CDK4
DTB-175-BL	COL5A3
DTB-175-BL	KEAP1
DTB-176-BL	MSH2
DTB-176-BL	MSH6
DTB-176-BL	PMS1
DTB-176-BL	HDAC4
DTB-176-BL	SETD2
DTB-176-BL	SLC4A2
DTB-176-BL	CDKN2A
DTB-176-BL	BRCA2
DTB-176-BL	NF1
DTB-176-BL	BRIP1
DTB-183-BL	SPEN
DTB-183-BL	ARID1A
DTB-183-BL	RPRD2
DTB-183-BL	SETDB1
DTB-183-BL	PTPRC
DTB-183-BL	SF3B1
DTB-183-BL	MLH1
DTB-183-BL	SETD2
DTB-183-BL	DHX30
DTB-183-BL	PIK3CA
DTB-183-BL	SH3RF1
DTB-183-BL	RASA1
DTB-183-BL	NOX3
DTB-183-BL	SLC4A2
DTB-183-BL	PRKDC
DTB-183-BL	CHD7
DTB-183-BL	MYC
DTB-183-BL	TSC1
DTB-183-BL	KMT2D
DTB-183-BL	MGA
DTB-183-BL	NF1
DTB-183-BL	RNF43
DTB-183-BL	UNC13D
DTB-183-BL	PIK3R2
DTB-183-BL	SMARCA1
DTB-186-BL	IGF2R
DTB-186-BL	NCOR2
DTB-187-BL	TAP1
DTB-187-BL	MYC
DTB-187-BL	AR
DTB-188-BL	ELK4
DTB-188-BL	MLH1
DTB-188-BL	SLC4A2
DTB-188-BL	NKX3-1
DTB-188-BL	NCOR1
DTB-190-BL	ETV5
DTB-190-BL	IL6ST
DTB-190-BL	MET
DTB-190-BL	MYC
DTB-190-BL	BRCA2
DTB-190-BL	CHD3
DTB-190-BL	COL5A3
DTB-190-BL	ERF
DTB-193-BL	SETDB1
DTB-193-BL	PTPRC
DTB-193-BL	CHD1
DTB-193-BL	SSR1
DTB-193-BL	KMT2C
DTB-193-BL	MYC
DTB-193-BL	FOXA1
DTB-193-BL	AKT1
DTB-193-BL	MGA
DTB-193-BL	FANCA
DTB-193-BL	RAD51D
DTB-193-BL	ERCC2
DTB-193-BL	AR
DTB-194-PRO	SPATA18
DTB-194-PRO	FER
DTB-201-PRO	IL6ST
DTB-201-PRO	FOXA1
DTB-202-BL	MTOR
DTB-202-BL	SSR1
DTB-202-BL	TAP1
DTB-202-BL	SLC4A2
DTB-202-BL	PAX6
DTB-202-BL	NCOR2
DTB-202-BL	GNAS
DTB-204-BL	IL6ST
DTB-204-BL	CHD1
DTB-204-BL	IGF2R
DTB-205-BL	XPO1
DTB-205-BL	BRPF1
DTB-205-BL	FANCD2
DTB-205-BL	HRAS
DTB-205-BL	PAX6
DTB-205-BL	MRE11
DTB-205-BL	USP28
DTB-205-BL	GPR19
DTB-205-BL	CDKN1B
DTB-205-BL	KRAS
DTB-205-BL	FOXA1
DTB-205-BL	BLM
DTB-205-BL	NCOR1
DTB-205-BL	U2AF1
DTB-205-BL	AR
DTB-206-BL	U2AF1
DTB-206-BL	AR
DTB-210-BL	ETV3
DTB-210-BL	ZFP36L2
DTB-210-BL	SETD2
DTB-210-BL	MET
DTB-210-BL	NKX3-1
DTB-210-BL	CCND1
DTB-210-BL	GPR19
DTB-210-BL	CDKN1B
DTB-210-BL	NCOR1
DTB-210-BL	MBD1
DTB-213-BL	WRN
DTB-213-BL	TSC2
DTB-213-BL	ERF
DTB-213-BL	CNOT3
DTB-214-BL	SETDB1
DTB-214-BL	MSH6
DTB-214-BL	IDH1
DTB-214-BL	SH3RF1
DTB-214-BL	IL6ST
DTB-214-BL	SLC4A2
DTB-214-BL	MYC
DTB-214-BL	FANCG
DTB-214-BL	TBC1D2
DTB-214-BL	FOXA1
DTB-214-BL	RAD51B
DTB-214-BL	AKT1
DTB-214-BL	MGA
DTB-214-BL	PPL
DTB-214-BL	UNC13D
DTB-214-BL	TRPM4
DTB-214-BL	GNAS
DTB-214-BL	KDM6A
DTB-214-BL	AR
DTB-216-PRO	RSPO2
DTB-220-BL	PTPRC
DTB-220-BL	ZFP36L2
DTB-220-BL	RASA1
DTB-220-BL	SAMD9
DTB-220-BL	MYC
DTB-220-BL	COL15A1
DTB-220-BL	CDK4
DTB-220-BL	TRPM4
DTB-220-BL	AR
DTB-222-BL	FOXA1
DTB-222-BL	KEAP1
DTB-223-BL	IL6ST
DTB-223-BL	MYC
DTB-223-BL	ATM
DTB-223-BL	PPL
DTB-223-BL	RAD51D
DTB-223-BL	MED12
DTB-232-PRO	GEMIN5
DTB-232-PRO	HRAS
DTB-232-PRO	NCOR1
DTB-232-PRO	MBD1
DTB-234-BL	PYHIN1
DTB-234-BL	SEL1L3
DTB-234-BL	MAP3K1
DTB-234-BL	NBN
DTB-234-BL	NDST2
DTB-234-BL	ATM
DTB-234-BL	AXL
DTB-234-BL	AR
DTB-251-BL	RAD51B
DTB-251-BL	KEAP1
DTB-251-BL	AR
DTB-252-BL	PRKDC
DTB-252-BL	RNF31
DTB-252-BL	GNAS
DTB-255-BL	SETD2
DTB-255-BL	KMT2C
DTB-255-BL	PTEN
DTB-255-BL	RNF31
DTB-255-BL	KDM6A
DTB-255-BL	MED12
DTB-255-BL	ZMYM3
DTB-258-BL	IL6ST
DTB-258-BL	CHD1
DTB-258-BL	HRAS
DTB-258-BL	BRCA2
DTB-258-BL	TP53
DTB-258-BL	CHD3
DTB-258-BL	CNOT3
DTB-258-BL	AR
DTB-260-BL	RASA1
DTB-260-BL	MYC
DTB-260-BL	TP53
DTB-260-BL	AR
DTB-261-BL	SSR1
DTB-261-BL	BAG4
DTB-261-BL	TCF12
DTB-261-BL	AXL
DTB-261-BL	AR
DTB-265-PRO	HDAC4
DTB-265-PRO	SMARCAD1
DTB-265-PRO	SLC4A2
DTB-265-PRO	RSPO2
DTB-265-PRO	CCND1
DTB-265-PRO	USP28
DTB-265-PRO	FOXA1
DTB-265-PRO	TP53
DTB-265-PRO	CHD3
DTB-265-PRO	NCOR1
DTB-266-BL	MGA
01115154-TA1	RPRD2
01115154-TA1	NCOR2
01115156-TA1	TSC1
01115156-TC5	TSC1
01115156-TC5	CDC27
01115157-TA3	MIRLET7BHG
01115157-TC3	CNOT3
01115157-TC3	ZMYM3
01115183-TA1	NBN
01115183-TA1	FANCA
01115183-TA1	CDC27
01115202-TC2	PTPRC
01115202-TC2	ELK4
01115202-TC2	PIK3CB
01115202-TC2	ZNF292
01115202-TC2	CDKN2A
01115202-TC2	RAD51B
01115202-TC2	MGA
01115202-TC2	ZFHX3
01115202-TC2	UNC13D
01115248-TA3	JAK1
01115248-TA3	ETV3
01115248-TA3	MAP3K1
01115248-TA3	CCND1
01115248-TA3	TCF12
01115248-TA3	CDK12
01115248-TA3	CDC27
01115248-TA3	RNF43
01115248-TA3	MBD1
01115248-TA3	KDM6A
01115249-TC5	SPEN
01115257-TA4	ELK4
01115257-TA4	RAG1
01115263-TA3	PAX6
01115263-TA3	RAD51B
01115284-TA9	SEL1L3
01115284-TA9	TAP1
01115284-TA9	RSPO2
01115284-TA9	TBC1D2
01115284-TA9	AKT1
01115284-TA9	MAP2K4
01115284-TA9	KDM6A
01115374-TA2	FER
01115374-TA2	IGF2R
01115374-TA2	COL15A1
01115374-TA2	CDK4
01115374-TA2	BRIP1
01115374-TA2	UNC13D
01115374-TA2	KEAP1
01115374-TA2	PIK3R2
01115374-TA2	ERCC2
01115374-TA2	TTC28
01115374-TA2	MED12
01115374-TA2	ZMYM3
01115414-TA1	PYHIN1
01115414-TA1	SEL1L3
01115414-TA1	CHD7
01115414-TA1	COL15A1
01115414-TA1	PTEN
01115414-TA1	WASF3
01115414-TA1	RNF31
01115414-TA1	NCOR1
01115444-TA5	PTEN
01115468-TA3	ASXL2
01115468-TA3	KMT2A
01115503-TC2	XPO1
01115503-TC2	FER
01115503-TC2	IGF2R
01115503-TC2	COL15A1
01115503-TC2	CDK4
01115503-TC2	BRIP1
01115503-TC2	UNC13D
01115503-TC2	KEAP1
01115503-TC2	ERCC2
01115503-TC2	MED12
01115503-TC2	ZMYM3
01115549-TA4	RPRD2
01115554-TA2	CDC27
01115556-TC1	GPR19
01115556-TC1	CDKN1B
01115569-TC1	CDC27
01115574-TC3	PTEN
01115574-TC3	CDC27
01115576-TC2	MGA
01115576-TC2	TTC28
01115577-TC1	BRAF
01115581-TA3	PMS1
01115581-TA3	CDH1
01115581-TA3	CDC27
01115581-TA3	ITSN1
01115644-TA1	ELK4
01115644-TA1	RASA1
01115655-TA1	RPRD2
01115655-TA1	IDH1
01115655-TC1	RPRD2
01115655-TC1	IDH1
01115655-TC1	ARID4A
01115655-TC1	COL5A3
01115668-TA4	CCND1
01115668-TA4	RB1
01115668-TA4	FANCA
01115668-TA4	U2AF1
01115669-TA3	CCND1
01115669-TA3	CHD3
06115115-T	KMT2C
06115115-T	ERCC2
06115118-T	GPR19
06115118-T	CDKN1B
06115118-T	PIK3R2
6115233-T-C1	ETV3
6115233-T-C1	ETV1
DTB-003-BL	SF3B1
DTB-003-BL	TRPM4
DTB-005-BL	ETV3
DTB-005-BL	CDK4
DTB-008-BL	MSH2
DTB-008-BL	CDK12
DTB-008-BL	CDC27
DTB-009-BL	SPOP
DTB-018-BL	ZFP36L2
DTB-018-BL	FER
DTB-019-PRO	MTOR
DTB-019-PRO	ETV1
DTB-019-PRO	SPOP
DTB-019-PRO	UNC13D
DTB-020-BL	SPATA18
DTB-020-BL	SH3RF1
DTB-020-BL	CDK4
DTB-020-BL	BRCA2
DTB-021-BL	WRN
DTB-023-BL	CUL3
DTB-024-PRO	PTPRC
DTB-034-BL	CDK12
DTB-035-BL	BRPF1
DTB-035-BL	FANCD2
DTB-035-BL	BRIP1
DTB-037-BL	SPATA18
DTB-037-BL	TAP1
DTB-037-BL	AR
DTB-042-BL	NDST2
DTB-042-BL	GNAS
DTB-055-PRO	CDC27
DTB-059-BL	SETDB1
DTB-059-BL	CDC27
DTB-060-BL	CDC27
DTB-061-BL	ZFHX3
DTB-061-BL	CHD3
DTB-063-BL	PYHIN1
DTB-063-BL	CHD1
DTB-063-BL	IGF2R
DTB-063-BL	FANCG
DTB-063-BL	CHD3
DTB-063-BL	CDC27
DTB-063-BL	GNAS
DTB-064-BL	ASXL2
DTB-064-BL	FER
DTB-064-BL	PPL
DTB-067-PRO	SPATA18
DTB-071-BL	ETV3
DTB-071-BL	PYHIN1
DTB-071-BL	PRKDC
DTB-074-BL	PYHIN1
DTB-074-BL	PMS1
DTB-074-BL	SEL1L3
DTB-074-BL	PDS5A
DTB-077-PRO	U2AF1
DTB-080-BL	SPATA18
DTB-080-BL	BRAF
DTB-080-BL	U2AF1
DTB-083-BL	SPOP
DTB-085-BL	SLC4A2
DTB-085-BL	CTDP1
DTB-089-BL	NF1
DTB-091-BL	PPL
DTB-091-BL	AXL
DTB-092-BL	ATR
DTB-092-BL	MAP2K1
DTB-092-BL	CNOT3
DTB-094-BL	NDST2
DTB-097-PRO	ARID1A
DTB-098-PRO2	MRE11
DTB-100-BL	SMARCA1
DTB-101-BL	ETV3
DTB-101-BL	RAG1
DTB-104-BL	CTDP1
DTB-111-PRO	TBC1D2
DTB-111-PRO	AKT1
DTB-112-BL	ARID2
DTB-112-BL	U2AF1
DTB-121-BL	EHHADH
DTB-121-BL	RASA1
DTB-124-BL	KRAS
DTB-124-BL	COL5A3
DTB-124-BL	KEAP1
DTB-126-BL	CTNNB1
DTB-126-BL	MYBBP1A
DTB-127-PRO	AXL
DTB-128-BL	STAB2
DTB-129-BL	ZNRF3
DTB-132-BL	ASXL2
DTB-132-BL	SLC4A2
DTB-132-BL	RAD51B
DTB-137-PRO	BRCA1
DTB-137-PRO	ETV4
DTB-137-PRO	CDC27
DTB-138-BL	CDC27
DTB-140-BL	MTOR
DTB-140-BL	IDH1
DTB-143-BL	PIK3CA
DTB-143-BL	NBN
DTB-143-BL	CDC27
DTB-146-BL	NKX3-1
DTB-146-BL	TRPM4
DTB-151-BL	ATR
DTB-151-BL	TP53
DTB-151-BL	CHD3
DTB-156-BL	PAX6
DTB-156-BL	KMT2D
DTB-156-BL	CNOT3
DTB-156-BL	MED12
DTB-165-PRO	PALB2
DTB-167-PRO	ARID4A
DTB-167-PRO	GNAS
DTB-170-BL	SPATA18
DTB-170-BL	PIK3R1
DTB-172-BL	NDST2
DTB-172-BL	MED12
DTB-172-BL	ZMYM3
DTB-175-BL	GEMIN5
DTB-175-BL	ETV1
DTB-176-BL	MTOR
DTB-183-BL	MAP3K1
DTB-183-BL	RSPO2
DTB-183-BL	COL5A1
DTB-183-BL	MRE11
DTB-183-BL	KRAS
DTB-183-BL	NCOR2
DTB-183-BL	WASF3
DTB-183-BL	CNOT3
DTB-188-BL	SPEN
DTB-188-BL	PTPRC
DTB-188-BL	APC
DTB-190-BL	ERCC2
DTB-190-BL	MED12
DTB-190-BL	ZMYM3
DTB-201-PRO	PALB2
DTB-202-BL	RASA1
DTB-202-BL	SAMD9
DTB-202-BL	MGA
DTB-202-BL	SPOP
DTB-202-BL	MATN4
DTB-202-BL	CHD6
DTB-205-BL	COL15A1
DTB-205-BL	PIK3R2
DTB-214-BL	JAK1
DTB-214-BL	LSAMP
DTB-214-BL	SPATA18
DTB-214-BL	MAP3K1
DTB-214-BL	BRAF
DTB-214-BL	KMT2C
DTB-214-BL	COL15A1
DTB-214-BL	CCND1
DTB-214-BL	PALB2
DTB-214-BL	CDH1
DTB-214-BL	ITSN1
DTB-216-PRO	SPEN
DTB-216-PRO	NKX3-1
DTB-220-BL	PAX6
DTB-220-BL	AKT1
DTB-220-BL	AXIN2
DTB-222-BL	TCERG1
DTB-222-BL	BAG4
DTB-222-BL	MAP2K1
DTB-222-BL	PIK3R2
DTB-223-BL	PTEN
DTB-223-BL	MGA
DTB-223-BL	BRCA1
DTB-232-PRO	RSPO2
DTB-234-BL	CCND1
DTB-234-BL	AKT1
DTB-234-BL	CNOT3
DTB-251-BL	U2AF1
DTB-252-BL	PIK3CA
DTB-252-BL	GPR19
DTB-252-BL	CDKN1B
DTB-252-BL	ARID2
DTB-252-BL	CDC27
DTB-255-BL	DHX30
DTB-258-BL	SF3B1
DTB-258-BL	MAP3K1
DTB-258-BL	RAD51B
DTB-258-BL	U2AF1
DTB-260-BL	ATM
DTB-260-BL	GPR19
DTB-260-BL	CDKN1B
DTB-261-BL	JAK1
DTB-261-BL	PYHIN1
DTB-265-PRO	PMS1
DTB-265-PRO	PIK3R1
DTB-265-PRO	MRE11
DTB-265-PRO	AXIN2
DTB-265-PRO	AR
DTB-266-BL	RAD51B
01115154-TA1	CHD1
01115154-TA1	NCOR1
01115154-TA1	CNOT3
01115156-TA1	HDAC4
01115156-TA1	BRPF1
01115156-TA1	FANCD2
01115156-TA1	AKT1
01115156-TC5	AXIN1
01115157-TA3	HRAS
01115157-TA3	AKT1
01115157-TA3	TP53
01115157-TA3	CHD3
01115157-TA3	BRIP1
01115157-TA3	PIK3R2
01115157-TC3	NKX3-1
01115157-TC3	HRAS
01115157-TC3	AKT1
01115157-TC3	AXIN1
01115157-TC3	AR
01115183-TA1	SEL1L3
01115183-TA1	IGF2R
01115183-TA1	FOXA1
01115183-TA1	BRIP1
01115202-TC2	ASXL2
01115202-TC2	CUL3
01115202-TC2	HDAC4
01115202-TC2	MLH1
01115202-TC2	LSAMP
01115202-TC2	IL6ST
01115202-TC2	SAMD9
01115202-TC2	PTPRD
01115202-TC2	COL15A1
01115202-TC2	HRAS
01115202-TC2	RAG1
01115202-TC2	GPR19
01115202-TC2	CDKN1B
01115202-TC2	ARID2
01115202-TC2	STAB2
01115202-TC2	ARID4A
01115202-TC2	TCF12
01115244-TA3	SETDB1
01115244-TA3	NDST2
01115248-TA3	SPATA18
01115248-TA3	ETV1
01115248-TA3	SAMD9
01115248-TA3	MYC
01115248-TA3	FANCG
01115248-TA3	KMT2D
01115248-TA3	WASF3
01115248-TA3	MGA
01115248-TA3	TSC2
01115248-TA3	NCOR1
01115248-TA3	MIRLET7BHG
01115249-TC5	JAK1
01115249-TC5	ETV3
01115249-TC5	IDH1
01115249-TC5	PRKDC
01115249-TC5	TAF1L
01115249-TC5	NDST2
01115249-TC5	KMT2A
01115249-TC5	GPR19
01115249-TC5	CDKN1B
01115249-TC5	RAD51D
01115249-TC5	CHD6
01115257-TA4	BRPF1
01115257-TA4	IGF2R
01115257-TA4	CDKN2A
01115257-TA4	COL5A1
01115257-TA4	RAD51B
01115257-TA4	ZFP36L1
01115257-TA4	CDK12
01115257-TA4	CNOT3
01115263-TA3	SF3B1
01115263-TA3	NBN
01115263-TA3	GPR19
01115263-TA3	CDKN1B
01115263-TA3	KRAS
01115263-TA3	FOXA1
01115284-TA9	SPEN
01115284-TA9	SETDB1
01115284-TA9	IGF2R
01115284-TA9	COL5A1
01115284-TA9	HRAS
01115284-TA9	KRAS
01115284-TA9	NCOR2
01115284-TA9	FOXA1
01115284-TA9	TCF12
01115284-TA9	AXIN1
01115284-TA9	CDK12
01115326-TA3	SPEN
01115326-TA3	RPRD2
01115326-TA3	SETDB1
01115326-TA3	LSAMP
01115326-TA3	EHHADH
01115326-TA3	SMARCAD1
01115326-TA3	PIK3R1
01115326-TA3	UNC13D
01115374-TA2	XPO1
01115374-TA2	BRPF1
01115374-TA2	SMARCAD1
01115374-TA2	PIK3R1
01115374-TA2	NOX3
01115374-TA2	BRAF
01115374-TA2	SLC4A2
01115374-TA2	TCF12
01115374-TA2	BLM
01115374-TA2	PRPF8
01115374-TA2	MYBBP1A
01115374-TA2	RAD51D
01115374-TA2	GNAS
01115378-TA2	CHD1
01115414-TA1	ETV3
01115414-TA1	TCERG1
01115414-TA1	ZNF292
01115414-TA1	IGF2R
01115414-TA1	ADAMTS8
01115414-TA1	TCF12
01115414-TA1	AXIN1
01115414-TA1	MYBBP1A
01115414-TA1	KDM6A
01115444-TA5	PYHIN1
01115444-TA5	MSH2
01115444-TA5	MSH6
01115444-TA5	NCOR2
01115444-TA5	NCOR1
01115444-TA5	KEAP1
01115444-TA5	COL5A3
01115444-TA5	ERG
01115444-TA5	TMPRSS2
01115468-TA3	ETV3
01115468-TA3	SEL1L3
01115468-TA3	SH3RF1
01115468-TA3	RASA1
01115468-TA3	CHD1
01115468-TA3	USP28
01115468-TA3	CNOT3
01115503-TC2	BRPF1
01115503-TC2	NOX3
01115503-TC2	BRAF
01115503-TC2	TCF12
01115503-TC2	PRPF8
01115503-TC2	MYBBP1A
01115503-TC2	NCOR1
01115503-TC2	RAD51D
01115503-TC2	GNAS
01115503-TC2	ITSN1
01115525-TA1	SPEN
01115525-TA1	LSAMP
01115525-TA1	ATR
01115525-TA1	HRAS
01115525-TA1	AKT1
01115525-TA1	PRPF8
01115525-TA1	U2AF1
01115531-TA4	NDST2
01115531-TA4	CDK4
01115531-TA4	AKT1
01115531-TA4	MAP2K4
01115531-TA4	COL5A3
01115531-TA4	U2AF1
01115549-TA4	PTPRC
01115549-TA4	HRAS
01115549-TA4	NCOR1
01115549-TA4	BRIP1
01115554-TA2	GEMIN5
01115554-TA2	SLC4A2
01115554-TA2	PRPF8
01115554-TA2	CHD3
01115554-TA2	NCOR1
01115554-TA2	TTC28
01115554-TA2	ZNRF3
01115556-TC1	COL5A3
01115569-TC1	SPEN
01115569-TC1	EHHADH
01115569-TC1	COL15A1
01115569-TC1	STAB2
01115569-TC1	CHD3
01115569-TC1	RAD51D
01115569-TC1	TMPRSS2
01115574-TC3	ARID1A
01115574-TC3	SLC4A2
01115574-TC3	TSC1
01115574-TC3	TTC28
01115574-TC3	ZNRF3
01115574-TC3	MED12
01115574-TC3	ZMYM3
01115576-TC2	JADE2
01115576-TC2	MAP2K1
01115576-TC2	NCOR1
01115577-TC1	JADE2
01115577-TC1	SAMD9
01115577-TC1	TAF1L
01115578-TC4	AXIN2
01115578-TC4	TMPRSS2
01115581-TA3	SPEN
01115581-TA3	HDAC4
01115581-TA3	SPATA18
01115581-TA3	SSR1
01115581-TA3	TAF1L
01115581-TA3	ZBTB16
01115581-TA3	BRIP1
01115589-TC2	XPO1
01115589-TC2	ZBTB16
01115589-TC2	TRPM4
01115589-TC2	TTC28
01115589-TC2	ZNRF3
01115606-TA2	NDST2
01115606-TA2	AKT1
01115644-TA1	MTOR
01115644-TA1	CDKN2A
01115644-TA1	HRAS
01115644-TA1	CCND1
01115644-TA1	AKT1
01115644-TA1	BRIP1
01115644-TA1	AXL
01115655-TA1	ZFP36L2
01115655-TA1	JADE2
01115655-TA1	SLC4A2
01115655-TA1	CCND1
01115655-TA1	WASF3
01115655-TA1	AXIN1
01115655-TA1	COL5A3
01115655-TC1	TAF1L
01115655-TC1	NDST2
01115655-TC1	CCND1
01115655-TC1	MRE11
01115655-TC1	WASF3
01115655-TC1	AKT1
01115655-TC1	TSC2
01115668-TA4	RPRD2
01115668-TA4	NCOR2
01115668-TA4	NCOR1
01115668-TA4	CTDP1
01115669-TA3	SPEN
01115669-TA3	HDAC4
01115669-TA3	GPR19
01115669-TA3	CDKN1B
01115669-TA3	BRIP1
06115115-T	AXL
06115115-T	CNOT3
06115117-T	SPEN
06115118-T	NDST2
6115233-T-C1	SPEN
6115233-T-C1	MRE11
6115233-T-C1	PALB2
6115233-T-C1	NCOR1
6115233-T-C1	NF1
6115233-T-C1	SPOP
6115233-T-C1	UNC13D
DTB-003-BL	ARID1A
DTB-003-BL	IDH1
DTB-003-BL	PRKDC
DTB-003-BL	TSC1
DTB-003-BL	PAX6
DTB-003-BL	BLM
DTB-003-BL	BRIP1
DTB-003-BL	AXL
DTB-003-BL	U2AF1
DTB-003-BL	TTC28
DTB-003-BL	ZNRF3
DTB-005-BL	RPRD2
DTB-005-BL	SETDB1
DTB-005-BL	SF3B1
DTB-005-BL	MET
DTB-005-BL	KMT2C
DTB-005-BL	AKT1
DTB-008-BL	CTNNB1
DTB-008-BL	MYBBP1A
DTB-008-BL	TP53
DTB-008-BL	CHD3
DTB-008-BL	SPOP
DTB-008-BL	ITSN1
DTB-009-BL	MYBBP1A
DTB-011-BL	HRAS
DTB-011-BL	AKT1
DTB-011-BL	NCOR1
DTB-018-BL	ASXL2
DTB-018-BL	RASA1
DTB-018-BL	ERF
DTB-019-PRO	TCERG1
DTB-019-PRO	WRN
DTB-019-PRO	FOXA1
DTB-019-PRO	ETV4
DTB-019-PRO	ERF
DTB-020-BL	IDH1
DTB-020-BL	ERF
DTB-021-BL	CNOT3
DTB-022-BL	BRCA1
DTB-022-BL	ETV4
DTB-022-BL	TRPM4
DTB-023-BL	ADAMTS8
DTB-023-BL	CNOT3
DTB-024-PRO	EHHADH
DTB-024-PRO	RAD51B
DTB-024-PRO	MAP2K1
DTB-024-PRO	CHD3
DTB-024-PRO	UNC13D
DTB-024-PRO	MIRLET7BHG
DTB-034-BL	ARID1A
DTB-034-BL	TAP1
DTB-034-BL	BRCA1
DTB-034-BL	ETV4
DTB-034-BL	CNOT3
DTB-035-BL	CTNNB1
DTB-035-BL	SEL1L3
DTB-035-BL	PRKDC
DTB-036-BL	ZFP36L2
DTB-036-BL	SMARCAD1
DTB-036-BL	NKX3-1
DTB-036-BL	RAG1
DTB-036-BL	RNF31
DTB-036-BL	AKT1
DTB-036-BL	TP53
DTB-036-BL	CHD3
DTB-036-BL	NCOR1
DTB-036-BL	ERF
DTB-037-BL	BRPF1
DTB-037-BL	FANCD2
DTB-037-BL	MYC
DTB-040-BL	HRAS
DTB-040-BL	AKT1
DTB-040-BL	CNOT3
DTB-042-BL	ELK4
DTB-042-BL	SETD2
DTB-042-BL	DHX30
DTB-042-BL	HRAS
DTB-042-BL	ERF
DTB-042-BL	TMPRSS2
DTB-053-BL	ARID1A
DTB-053-BL	ADAMTS8
DTB-053-BL	ARID2
DTB-053-BL	TCF12
DTB-053-BL	BLM
DTB-055-PRO	ATR
DTB-055-PRO	JADE2
DTB-055-PRO	SAMD9
DTB-055-PRO	ZBTB16
DTB-055-PRO	AKT1
DTB-055-PRO	NCOR1
DTB-055-PRO	RAD51D
DTB-059-BL	SEL1L3
DTB-059-BL	FANCG
DTB-059-BL	COL15A1
DTB-059-BL	STAB2
DTB-059-BL	CHD6
DTB-060-BL	RB1
DTB-061-BL	BRPF1
DTB-061-BL	FANCD2
DTB-061-BL	SETD2
DTB-061-BL	SH3RF1
DTB-061-BL	JADE2
DTB-061-BL	GEMIN5
DTB-061-BL	SLC4A2
DTB-061-BL	NBN
DTB-061-BL	RSPO2
DTB-061-BL	CDH1
DTB-061-BL	NCOR1
DTB-061-BL	RNF43
DTB-061-BL	AR
DTB-063-BL	ARID1A
DTB-063-BL	ETV3
DTB-063-BL	IDH1
DTB-063-BL	DHX30
DTB-063-BL	SPATA18
DTB-063-BL	SMARCAD1
DTB-063-BL	PIK3R1
DTB-063-BL	SAMD9
DTB-063-BL	CHD7
DTB-063-BL	HRAS
DTB-063-BL	PAX6
DTB-063-BL	ATM
DTB-063-BL	GPR19
DTB-063-BL	CDKN1B
DTB-063-BL	CDK4
DTB-063-BL	STAB2
DTB-063-BL	AXIN1
DTB-063-BL	PPL
DTB-063-BL	CDH1
DTB-063-BL	MYBBP1A
DTB-063-BL	BRCA1
DTB-063-BL	ETV4
DTB-063-BL	AXIN2
DTB-063-BL	ERF
DTB-064-BL	ITSN2
DTB-064-BL	BLM
DTB-064-BL	CDH1
DTB-064-BL	BRCA1
DTB-064-BL	CHD6
DTB-067-PRO	BRPF1
DTB-067-PRO	GPR19
DTB-067-PRO	AXIN1
DTB-069-BL	SLC4A2
DTB-069-BL	BLM
DTB-071-BL	RPRD2
DTB-071-BL	SETDB1
DTB-071-BL	MLH1
DTB-071-BL	JADE2
DTB-071-BL	TAP1
DTB-071-BL	PALB2
DTB-074-BL	SPEN
DTB-074-BL	STAB2
DTB-077-PRO	SPEN
DTB-077-PRO	USP28
DTB-077-PRO	ZBTB16
DTB-077-PRO	RNF31
DTB-077-PRO	CDH1
DTB-080-BL	ERF
DTB-083-BL	TBC1D2
DTB-083-BL	FOXA1
DTB-083-BL	CDK12
DTB-085-BL	MET
DTB-085-BL	PTPRD
DTB-085-BL	COL15A1
DTB-085-BL	PAX6
DTB-090-PRO	LSAMP
DTB-090-PRO	SPATA18
DTB-090-PRO	RNF31
DTB-091-BL	CDKN2A
DTB-091-BL	AXIN2
DTB-092-BL	EHHADH
DTB-092-BL	MAP2K4
DTB-092-BL	NCOR1
DTB-092-BL	CDC27
DTB-094-BL	KMT2A
DTB-094-BL	RB1
DTB-094-BL	KEAP1
DTB-094-BL	COL5A3
DTB-097-PRO	PTPRC
DTB-097-PRO	PMS1
DTB-097-PRO	SETD2
DTB-097-PRO	CDKN2A
DTB-097-PRO	MAP2K4
DTB-097-PRO	NCOR1
DTB-097-PRO	CDK12
DTB-097-PRO	AXL
DTB-097-PRO	TMPRSS2
DTB-098-PRO2	CNOT3
DTB-100-BL	PRKDC
DTB-100-BL	NBN
DTB-100-BL	RNF31
DTB-100-BL	AKT1
DTB-100-BL	MED12
DTB-100-BL	ZMYM3
DTB-101-BL	ELK4
DTB-101-BL	ETV1
DTB-101-BL	AKT1
DTB-101-BL	MYBBP1A
DTB-101-BL	ETV4
DTB-101-BL	MED12
DTB-102-PRO	IGF2R
DTB-102-PRO	BRAF
DTB-104-BL	ETV3
DTB-111-PRO	PIK3R1
DTB-111-PRO	COL15A1
DTB-111-PRO	KMT2D
DTB-111-PRO	STAB2
DTB-111-PRO	TCF12
DTB-111-PRO	MIRLET7BHG
DTB-112-BL	RNF31
DTB-112-BL	FOXA1
DTB-112-BL	AXIN1
DTB-112-BL	USP7
DTB-112-BL	TMPRSS2
DTB-119-PRO	ZNF292
DTB-119-PRO	NDST2
DTB-119-PRO	CNOT3
DTB-121-BL	RPRD2
DTB-121-BL	PIK3R1
DTB-121-BL	AKT1
DTB-124-BL	ITSN2
DTB-126-BL	NDST2
DTB-126-BL	HRAS
DTB-126-BL	RAG1
DTB-126-BL	RNF31
DTB-126-BL	TSC2
DTB-126-BL	PRPF8
DTB-126-BL	NCOR1
DTB-126-BL	NF1
DTB-127-PRO	JAK1
DTB-127-PRO	PDS5A
DTB-127-PRO	PRKDC
DTB-127-PRO	CHD7
DTB-127-PRO	PTEN
DTB-127-PRO	ZBTB16
DTB-127-PRO	U2AF1
DTB-128-BL	CDK4
DTB-129-BL	RPRD2
DTB-129-BL	SETDB1
DTB-129-BL	ITSN2
DTB-129-BL	TCF12
DTB-129-BL	TP53
DTB-129-BL	CHD3
DTB-129-BL	UNC13D
DTB-129-BL	CNOT3
DTB-129-BL	MATN4
DTB-132-BL	BRAF
DTB-132-BL	AXIN1
DTB-135-PRO	LSAMP
DTB-135-PRO	PIK3CB
DTB-135-PRO	ETV5
DTB-135-PRO	CHD7
DTB-135-PRO	RSPO2
DTB-137-PRO	RPRD2
DTB-137-PRO	GPR19
DTB-137-PRO	CDKN1B
DTB-137-PRO	CDK12
DTB-138-BL	SPEN
DTB-138-BL	ELK4
DTB-138-BL	PRKDC
DTB-138-BL	TSC2
DTB-138-BL	MYBBP1A
DTB-138-BL	MATN4
DTB-140-BL	ZFP36L2
DTB-140-BL	RASA1
DTB-140-BL	SLC4A2
DTB-140-BL	TBC1D2
DTB-140-BL	AKT1
DTB-141-BL	ZNF292
DTB-141-BL	CDK4
DTB-146-BL	GEMIN5
DTB-146-BL	RAG1
DTB-146-BL	KRAS
DTB-146-BL	CNOT3
DTB-149-BL	ELK4
DTB-149-BL	SF3B1
DTB-151-BL	MRE11
DTB-151-BL	MYBBP1A
DTB-156-BL	DHX30
DTB-156-BL	SLC4A2
DTB-156-BL	TAF1L
DTB-156-BL	CDK4
DTB-156-BL	AKT1
DTB-156-BL	PALB2
DTB-156-BL	KEAP1
DTB-156-BL	COL5A3
DTB-156-BL	ZMYM3
DTB-159-BL	NKX3-1
DTB-159-BL	RNF31
DTB-165-PRO	TAP1
DTB-165-PRO	ETV1
DTB-165-PRO	BAG4
DTB-165-PRO	PPL
DTB-167-PRO	CHD1
DTB-167-PRO	TAP1
DTB-167-PRO	CNOT3
DTB-170-BL	SEL1L3
DTB-170-BL	APC
DTB-170-BL	AKT1
DTB-170-BL	KEAP1
DTB-170-BL	COL5A3
DTB-170-BL	CNOT3
DTB-172-BL	PRKDC
DTB-172-BL	RNF43
DTB-173-BL	ELK4
DTB-173-BL	TCERG1
DTB-173-BL	GEMIN5
DTB-173-BL	WASF3
DTB-173-BL	CDC27
DTB-175-BL	ITSN2
DTB-175-BL	MAP2K1
DTB-175-BL	NCOR1
DTB-175-BL	RAD51D
DTB-175-BL	SPOP
DTB-176-BL	CHD1
DTB-176-BL	FANCG
DTB-176-BL	CNOT3
DTB-183-BL	ASXL2
DTB-183-BL	MSH2
DTB-183-BL	MSH6
DTB-183-BL	TBC1D2
DTB-183-BL	COL15A1
DTB-183-BL	PALB2
DTB-183-BL	PRPF8
DTB-183-BL	NCOR1
DTB-183-BL	AXIN2
DTB-183-BL	ERCC2
DTB-183-BL	MIRLET7BHG
DTB-186-BL	KDM6A
DTB-187-BL	NOX3
DTB-188-BL	RPRD2
DTB-188-BL	SETDB1
DTB-188-BL	SEL1L3
DTB-188-BL	FER
DTB-188-BL	PTPRD
DTB-188-BL	CNOT3
DTB-190-BL	CTNNB1
DTB-190-BL	EHHADH
DTB-190-BL	GEMIN5
DTB-190-BL	SSR1
DTB-190-BL	IGF2R
DTB-190-BL	CCND1
DTB-190-BL	ZBTB16
DTB-190-BL	KRAS
DTB-190-BL	AKT1
DTB-190-BL	CDK12
DTB-190-BL	KEAP1
DTB-190-BL	AXL
DTB-190-BL	AR
DTB-193-BL	RPRD2
DTB-193-BL	MSH2
DTB-193-BL	MSH6
DTB-193-BL	SLC4A2
DTB-194-PRO	RAG1
DTB-194-PRO	ADAMTS8
DTB-194-PRO	WASF3
DTB-201-PRO	MYBBP1A
DTB-201-PRO	CDK12
DTB-202-BL	XPO1
DTB-202-BL	CUL3
DTB-202-BL	CDC27
DTB-202-BL	AR
DTB-204-BL	BAG4
DTB-205-BL	SETD2
DTB-205-BL	SMARCAD1
DTB-205-BL	BRCA2
DTB-205-BL	CDC27
DTB-205-BL	RNF43
DTB-205-BL	TRPM4
DTB-206-BL	AKT1
DTB-210-BL	JADE2
DTB-210-BL	ZNF292
DTB-210-BL	SLC4A2
DTB-210-BL	COL15A1
DTB-210-BL	NCOR2
DTB-213-BL	ELK4
DTB-213-BL	NCOR1
DTB-213-BL	AXL
DTB-214-BL	PTPRC
DTB-214-BL	XPO1
DTB-214-BL	ETV1
DTB-214-BL	TSC1
DTB-214-BL	HRAS
DTB-214-BL	STAB2
DTB-214-BL	BRCA2
DTB-214-BL	ZFP36L1
DTB-214-BL	TSC2
DTB-214-BL	NF1
DTB-214-BL	BRCA1
DTB-214-BL	ETV4
DTB-214-BL	CDC27
DTB-214-BL	KEAP1
DTB-214-BL	COL5A3
DTB-214-BL	CNOT3
DTB-216-PRO	ELK4
DTB-216-PRO	CHD7
DTB-216-PRO	NDST2
DTB-216-PRO	PAX6
DTB-220-BL	MTOR
DTB-220-BL	LSAMP
DTB-220-BL	TBC1D2
DTB-220-BL	BRIP1
DTB-222-BL	RB1
DTB-222-BL	COL5A3
DTB-222-BL	CHD6
DTB-222-BL	ZNRF3
DTB-223-BL	CDK12
DTB-232-PRO	KRAS
DTB-232-PRO	STAB2
DTB-232-PRO	AKT1
DTB-232-PRO	PRPF8
DTB-232-PRO	ERF
DTB-234-BL	ETV3
DTB-234-BL	IL6ST
DTB-234-BL	BAG4
DTB-234-BL	RSPO2
DTB-234-BL	ARID4A
DTB-251-BL	ASXL2
DTB-251-BL	LSAMP
DTB-251-BL	FOXA1
DTB-251-BL	COL5A3
DTB-252-BL	RSPO2
DTB-252-BL	AKT1
DTB-255-BL	XPO1
DTB-255-BL	FER
DTB-255-BL	SLC4A2
DTB-255-BL	MRE11
DTB-255-BL	ADAMTS8
DTB-255-BL	RAD51B
DTB-255-BL	ZFP36L1
DTB-255-BL	TSC2
DTB-255-BL	PPL
DTB-255-BL	RAD51D
DTB-255-BL	CNOT3
DTB-255-BL	U2AF1
DTB-255-BL	AR
DTB-258-BL	JAK1
DTB-258-BL	SH3RF1
DTB-258-BL	MATN4
DTB-260-BL	IGF2R
DTB-260-BL	MET
DTB-260-BL	CHD7
DTB-260-BL	FOXA1
DTB-260-BL	AKT1
DTB-260-BL	ERF
DTB-261-BL	SPEN
DTB-261-BL	ETV3
DTB-265-PRO	SEL1L3
DTB-265-PRO	PRPF8
DTB-265-PRO	CNOT3
DTB-266-BL	TBC1D2
DTB-266-BL	CHD6
01115156-TA1	RNF43
01115156-TC5	RNF43
01115157-TC3	TP53
01115157-TC3	CHD3
01115183-TA1	PPL
01115202-TC2	RPRD2
01115202-TC2	SETDB1
01115202-TC2	MRE11
01115202-TC2	RB1
01115202-TC2	SPOP
01115202-TC2	U2AF1
01115248-TA3	ELK4
01115248-TA3	PIK3CB
01115248-TA3	NBN
01115248-TA3	STAB2
01115248-TA3	TRPM4
01115249-TC5	SMARCA1
01115257-TA4	NKX3-1
01115257-TA4	CCND1
01115263-TA3	PTEN
01115284-TA9	PDS5A
01115284-TA9	ATM
01115284-TA9	GPR19
01115284-TA9	CDKN1B
01115284-TA9	AR
01115374-TA2	ATR
01115374-TA2	CCND1
01115378-TA2	MSH2
01115378-TA2	MSH6
01115378-TA2	BAG4
01115414-TA1	MSH2
01115414-TA1	MSH6
01115414-TA1	CNOT3
01115468-TA3	ITSN2
01115468-TA3	COL15A1
01115503-TC2	ELK4
01115503-TC2	MYC
01115503-TC2	CCND1
01115503-TC2	RNF31
01115549-TA4	ZFP36L2
01115554-TA2	ZFHX3
01115556-TC1	TRPM4
01115569-TC1	ZFP36L2
01115569-TC1	IGF2R
01115574-TC3	ZFP36L2
01115574-TC3	COL5A1
01115574-TC3	ZFHX3
01115574-TC3	ETV4
01115574-TC3	ITSN1
01115581-TA3	TRPM4
01115606-TA2	PTEN
01115606-TA2	NCOR2
01115606-TA2	CDC27
01115644-TA1	ZFHX3
01115655-TA1	TAF1L
01115668-TA4	ZFHX3
01115669-TA3	PIK3R1
06115115-T	WASF3
06115115-T	BRIP1
06115115-T	AR
06115117-T	ZFHX3
06115118-T	RASA1
06115118-T	ZFP36L1
6115233-T-C1	RNF31
DTB-018-BL	COL15A1
DTB-021-BL	NCOR2
DTB-022-BL	CDC27
DTB-023-BL	CHD1
DTB-023-BL	IGF2R
DTB-023-BL	FANCA
DTB-036-BL	FOXA1
DTB-037-BL	BRIP1
DTB-040-BL	ZFP36L1
DTB-042-BL	BLM
DTB-053-BL	CDC27
DTB-063-BL	ATR
DTB-063-BL	PIK3CA
DTB-063-BL	APC
DTB-063-BL	ADAMTS8
DTB-063-BL	NCOR2
DTB-063-BL	MGA
DTB-063-BL	TP53
DTB-067-PRO	ZFP36L1
DTB-067-PRO	CDC27
DTB-071-BL	CTNNB1
DTB-077-PRO	JAK1
DTB-080-BL	PTPRC
DTB-080-BL	XPO1
DTB-080-BL	DHX30
DTB-080-BL	IGF2R
DTB-080-BL	MIRLET7BHG
DTB-085-BL	KDM6A
DTB-089-BL	MAP3K1
DTB-090-PRO	MATN4
DTB-091-BL	NF1
DTB-091-BL	CNOT3
DTB-092-BL	RAD51B
DTB-092-BL	ZFP36L1
DTB-092-BL	ZFHX3
DTB-092-BL	BRIP1
DTB-097-PRO	BLM
DTB-101-BL	RSPO2
DTB-102-PRO	KMT2C
DTB-104-BL	USP7
DTB-111-PRO	TCERG1
DTB-111-PRO	SSR1
DTB-111-PRO	TAF1L
DTB-111-PRO	KMT2A
DTB-111-PRO	CDH1
DTB-111-PRO	BRIP1
DTB-119-PRO	SSR1
DTB-121-BL	PYHIN1
DTB-126-BL	NCOR2
DTB-129-BL	KMT2C
DTB-132-BL	CCND1
DTB-132-BL	TSC2
DTB-137-PRO	ETV3
DTB-137-PRO	PYHIN1
DTB-137-PRO	KMT2A
DTB-137-PRO	ZFP36L1
DTB-138-BL	TP53
DTB-138-BL	CHD3
DTB-146-BL	FOXA1
DTB-149-BL	AR
DTB-151-BL	MET
DTB-151-BL	CDC27
DTB-156-BL	ZFP36L1
DTB-167-PRO	MED12
DTB-167-PRO	ZMYM3
DTB-170-BL	ETV5
DTB-170-BL	BRIP1
DTB-173-BL	NCOR1
DTB-183-BL	JAK1
DTB-183-BL	IL6ST
DTB-183-BL	ZBTB16
DTB-183-BL	CDK4
DTB-183-BL	MYBBP1A
DTB-183-BL	ITSN1
DTB-186-BL	PTEN
DTB-188-BL	ZFHX3
DTB-193-BL	CDC27
DTB-202-BL	RAG1
DTB-204-BL	GEMIN5
DTB-206-BL	TP53
DTB-206-BL	CHD3
DTB-210-BL	PYHIN1
DTB-214-BL	MYBBP1A
DTB-216-PRO	MYC
DTB-220-BL	MSH2
DTB-220-BL	MSH6
DTB-223-BL	BRIP1
DTB-223-BL	MATN4
DTB-232-PRO	PIK3R2
DTB-234-BL	RAG1
DTB-234-BL	MAP2K1
DTB-234-BL	ZFHX3
DTB-252-BL	FANCD2
DTB-252-BL	NKX3-1
DTB-252-BL	AR
DTB-255-BL	CDC27
DTB-258-BL	SSR1
DTB-258-BL	SAMD9
DTB-261-BL	JADE2
01115154-TA1	ZBTB16
01115154-TA1	AXIN1
01115154-TA1	USP7
01115154-TA1	AXIN2
01115154-TA1	EHHADH
01115156-TA1	CCND1
01115156-TA1	AXIN1
01115156-TA1	CDH1
01115156-TA1	FANCA
01115156-TA1	PIK3R2
01115156-TA1	MSH6
01115156-TA1	COL5A1
01115156-TC5	FANCA
01115156-TC5	PYHIN1
01115157-TA3	MYBBP1A
01115157-TA3	CTDP1
01115157-TA3	HDAC4
01115157-TA3	BAG4
01115157-TA3	TSC1
01115157-TC3	FANCA
01115157-TC3	RPRD2
01115157-TC3	GNAS
01115157-TC3	ZNF292
01115157-TC3	SLC4A2
01115183-TA1	ATM
01115183-TA1	HRAS
01115183-TA1	AKT1
01115183-TA1	AXIN1
01115183-TA1	ETV4
01115183-TA1	AXIN2
01115183-TA1	KEAP1
01115183-TA1	TTC28
01115183-TA1	EHHADH
01115183-TA1	BRAF
01115183-TA1	COL5A1
01115202-TC2	PTEN
01115202-TC2	BRPF1
01115202-TC2	FANCD2
01115248-TA3	BRAF
01115249-TC5	STAB2
01115249-TC5	AKT1
01115249-TC5	PALB2
01115249-TC5	AXIN1
01115249-TC5	ARID1A
01115249-TC5	DHX30
01115257-TA4	HRAS
01115257-TA4	AXIN2
01115257-TA4	MIRLET7BHG
01115257-TA4	BRAF
01115263-TA3	RAG1
01115263-TA3	AXIN1
01115263-TA3	HDAC4
01115263-TA3	ZFP36L2
01115263-TA3	NOX3
01115263-TA3	SLC4A2
01115263-TA3	TSC1
01115284-TA9	CCND1
01115284-TA9	TP53
01115284-TA9	TRPM4
01115284-TA9	GNAS
01115284-TA9	TTC28
01115284-TA9	PTPRD
01115326-TA3	CTDP1
01115326-TA3	TSC1
01115326-TA3	COL5A1
01115326-TA3	FANCG
01115374-TA2	WASF3
01115374-TA2	TRPM4
01115374-TA2	MIRLET7BHG
01115374-TA2	PMS1
01115374-TA2	BAG4
01115378-TA2	MYBBP1A
01115414-TA1	FANCA
01115414-TA1	AXIN2
01115414-TA1	ARID1A
01115414-TA1	MIRLET7BHG
01115414-TA1	HDAC4
01115414-TA1	ETV5
01115414-TA1	SLC4A2
01115444-TA5	AKT1
01115444-TA5	BRCA1
01115444-TA5	CTDP1
01115444-TA5	GNAS
01115444-TA5	U2AF1
01115444-TA5	CHD1
01115468-TA3	CCND1
01115468-TA3	AKT1
01115468-TA3	AXIN1
01115468-TA3	ZFHX3
01115468-TA3	MSH2
01115468-TA3	MSH6
01115503-TC2	AXIN1
01115503-TC2	TRPM4
01115503-TC2	CUL3
01115503-TC2	ETV5
01115503-TC2	BAG4
01115525-TA1	CDKN1B
01115525-TA1	GPR19
01115525-TA1	RNF31
01115525-TA1	FOXA1
01115525-TA1	ARID4A
01115525-TA1	TSC2
01115525-TA1	AXIN1
01115525-TA1	UNC13D
01115525-TA1	CTDP1
01115525-TA1	TRPM4
01115525-TA1	HDAC4
01115525-TA1	COL5A1
01115531-TA4	HRAS
01115531-TA4	PALB2
01115531-TA4	CNOT3
01115549-TA4	RAG1
01115549-TA4	CCND1
01115549-TA4	CDK4
01115549-TA4	PRPF8
01115549-TA4	CTDP1
01115549-TA4	ITSN1
01115549-TA4	HDAC4
01115554-TA2	AXIN1
01115554-TA2	CTDP1
01115554-TA2	ELK4
01115554-TA2	BRAF
01115556-TC1	PTEN
01115556-TC1	AKT1
01115556-TC1	AXIN1
01115556-TC1	BRCA1
01115556-TC1	MATN4
01115569-TC1	CCND1
01115569-TC1	TSC2
01115569-TC1	AXIN1
01115569-TC1	FANCA
01115569-TC1	KEAP1
01115569-TC1	ARID1A
01115569-TC1	HDAC4
01115569-TC1	JADE2
01115569-TC1	ZNF292
01115569-TC1	TBC1D2
01115574-TC3	CTDP1
01115574-TC3	TRPM4
01115574-TC3	ERG
01115574-TC3	SSR1
01115576-TC2	CCND1
01115576-TC2	CDC27
01115576-TC2	CUL3
01115576-TC2	NOX3
01115576-TC2	SAMD9
01115576-TC2	FANCG
01115577-TC1	HRAS
01115577-TC1	AXIN1
01115577-TC1	USP7
01115577-TC1	TRPM4
01115577-TC1	GNAS
01115577-TC1	MLH1
01115577-TC1	SMARCAD1
01115577-TC1	FER
01115577-TC1	TAP1
01115578-TC4	RNF43
01115578-TC4	HDAC4
01115578-TC4	PDS5A
01115578-TC4	JADE2
01115581-TA3	CTDP1
01115581-TA3	SLC4A2
01115581-TA3	COL5A1
01115589-TC2	HRAS
01115589-TC2	AKT1
01115589-TC2	AXIN1
01115589-TC2	CTDP1
01115589-TC2	PIK3R1
01115606-TA2	AXIN1
01115606-TA2	CDK12
01115606-TA2	SMARCA1
01115644-TA1	MYBBP1A
01115644-TA1	TRPM4
01115644-TA1	MATN4
01115644-TA1	HDAC4
01115655-TA1	UNC13D
01115655-TA1	TRPM4
01115655-TA1	ITSN1
01115655-TA1	XPO1
01115655-TA1	NKX3-1
01115655-TA1	NBN
01115655-TA1	COL5A1
01115655-TC1	NF1
01115655-TC1	UNC13D
01115655-TC1	ITSN1
01115655-TC1	U2AF1
01115655-TC1	XPO1
01115655-TC1	COL5A1
01115668-TA4	MRE11
01115668-TA4	PPL
01115668-TA4	IDH1
01115668-TA4	MYC
01115668-TA4	CDKN2A
01115669-TA3	ATM
01115669-TA3	AXIN1
01115669-TA3	KEAP1
01115669-TA3	ARID1A
01115669-TA3	GNAS
01115669-TA3	EHHADH
01115669-TA3	SLC4A2
06115115-T	AXIN1
06115115-T	PRPF8
06115115-T	KEAP1
06115115-T	GNAS
06115117-T	FANCA
06115117-T	GNAS
06115117-T	TTC28
06115117-T	MIRLET7BHG
06115117-T	WRN
06115118-T	AXIN2
06115118-T	COL5A3
06115118-T	BAG4
6115233-T-C1	AXIN1
6115233-T-C1	FANCA
6115233-T-C1	BRCA1
6115233-T-C1	CHD3
6115233-T-C1	TP53
6115233-T-C1	JADE2
DTB-003-BL	KMT2A
DTB-003-BL	NCOR2
DTB-003-BL	CDK4
DTB-003-BL	BRCA2
DTB-003-BL	PPL
DTB-003-BL	CDC27
DTB-003-BL	ATR
DTB-003-BL	PIK3CA
DTB-003-BL	ZMYM3
DTB-005-BL	MYC
DTB-008-BL	MAP2K4
DTB-008-BL	RAD51D
DTB-008-BL	AXIN2
DTB-008-BL	RPRD2
DTB-008-BL	SETDB1
DTB-008-BL	ETV3
DTB-008-BL	RSPO2
DTB-009-BL	PRPF8
DTB-009-BL	IL6ST
DTB-009-BL	TAP1
DTB-009-BL	KDM6A
DTB-011-BL	AXIN2
DTB-011-BL	AXL
DTB-011-BL	MIRLET7BHG
DTB-011-BL	MSH2
DTB-011-BL	MSH6
DTB-011-BL	BAG4
DTB-018-BL	BRCA1
DTB-018-BL	ETV4
DTB-018-BL	IDH1
DTB-018-BL	MYC
DTB-019-PRO	RAG1
DTB-019-PRO	NCOR1
DTB-019-PRO	BRCA1
DTB-019-PRO	HDAC4
DTB-019-PRO	TSC1
DTB-020-BL	FOXA1
DTB-020-BL	TSC2
DTB-020-BL	IL6ST
DTB-021-BL	COL5A3
DTB-022-BL	ITSN1
DTB-022-BL	MSH2
DTB-022-BL	MSH6
DTB-023-BL	RSPO2
DTB-023-BL	TBC1D2
DTB-023-BL	SMARCA1
DTB-024-PRO	KRAS
DTB-024-PRO	COL5A3
DTB-024-PRO	CHD6
DTB-024-PRO	CHD7
DTB-034-BL	STAB2
DTB-035-BL	HRAS
DTB-035-BL	BAG4
DTB-035-BL	FANCG
DTB-036-BL	ARID4A
DTB-036-BL	NOX3
DTB-036-BL	TAP1
DTB-037-BL	CNOT3
DTB-037-BL	ETV3
DTB-037-BL	PYHIN1
DTB-037-BL	BAG4
DTB-040-BL	RPRD2
DTB-042-BL	ATM
DTB-042-BL	ERCC2
DTB-042-BL	HDAC4
DTB-042-BL	TCERG1
DTB-042-BL	MYC
DTB-053-BL	AXIN2
DTB-053-BL	MSH2
DTB-053-BL	MSH6
DTB-053-BL	MYC
DTB-053-BL	NKX3-1
DTB-055-PRO	MAP2K1
DTB-055-PRO	BRCA1
DTB-055-PRO	ETV4
DTB-055-PRO	TRPM4
DTB-055-PRO	IDH1
DTB-055-PRO	PTPRD
DTB-059-BL	CCND1
DTB-059-BL	BRCA1
DTB-059-BL	ETV4
DTB-059-BL	ATR
DTB-061-BL	MRE11
DTB-061-BL	PALB2
DTB-061-BL	PIK3CB
DTB-061-BL	BAG4
DTB-061-BL	CHD7
DTB-061-BL	FANCG
DTB-063-BL	PALB2
DTB-063-BL	SH3RF1
DTB-063-BL	RSPO2
DTB-064-BL	KRAS
DTB-064-BL	UNC13D
DTB-064-BL	PIK3R2
DTB-064-BL	ERF
DTB-064-BL	GNAS
DTB-064-BL	RSPO2
DTB-064-BL	MED12
DTB-064-BL	ZMYM3
DTB-067-PRO	ATM
DTB-067-PRO	RAG1
DTB-067-PRO	MGA
DTB-067-PRO	MTOR
DTB-069-BL	PTEN
DTB-069-BL	TCF12
DTB-069-BL	AXIN2
DTB-069-BL	RPRD2
DTB-069-BL	SETDB1
DTB-069-BL	BAG4
DTB-071-BL	MAP2K4
DTB-071-BL	SETD2
DTB-071-BL	PDS5A
DTB-074-BL	COL5A3
DTB-074-BL	APC
DTB-077-PRO	ZFHX3
DTB-077-PRO	BRCA1
DTB-077-PRO	ETV4
DTB-080-BL	RASA1
DTB-083-BL	PPL
DTB-083-BL	SETD2
DTB-085-BL	MRE11
DTB-085-BL	MAP2K4
DTB-085-BL	ERCC2
DTB-089-BL	WASF3
DTB-089-BL	TSC2
DTB-089-BL	CDH1
DTB-089-BL	CNOT3
DTB-090-PRO	TSC2
DTB-090-PRO	MYBBP1A
DTB-090-PRO	CHD3
DTB-090-PRO	AXL
DTB-090-PRO	ERCC2
DTB-090-PRO	XPO1
DTB-090-PRO	SMARCA1
DTB-091-BL	MRE11
DTB-091-BL	JAK1
DTB-091-BL	FER
DTB-092-BL	AXIN2
DTB-092-BL	AXL
DTB-092-BL	PIK3CA
DTB-092-BL	TAF1L
DTB-097-PRO	KMT2A
DTB-097-PRO	RNF43
DTB-097-PRO	BRIP1
DTB-098-PRO2	NF1
DTB-098-PRO2	MYC
DTB-100-BL	MSH2
DTB-100-BL	MSH6
DTB-100-BL	MYC
DTB-101-BL	KMT2A
DTB-101-BL	LSAMP
DTB-102-PRO	MRE11
DTB-102-PRO	ZFP36L1
DTB-102-PRO	CDC27
DTB-102-PRO	JAK1
DTB-104-BL	CDH1
DTB-104-BL	ERF
DTB-111-PRO	NDST2
DTB-111-PRO	NCOR2
DTB-111-PRO	GEMIN5
DTB-111-PRO	NOX3
DTB-112-BL	ITSN2
DTB-112-BL	TCERG1
DTB-112-BL	NBN
DTB-119-PRO	FOXA1
DTB-119-PRO	CHD7
DTB-121-BL	FANCG
DTB-124-BL	NDST2
DTB-124-BL	CDK4
DTB-124-BL	ZFP36L1
DTB-124-BL	PTPRC
DTB-124-BL	ELK4
DTB-124-BL	JADE2
DTB-124-BL	ETV1
DTB-124-BL	NKX3-1
DTB-126-BL	CDC27
DTB-126-BL	ETV5
DTB-127-PRO	MBD1
DTB-127-PRO	ERF
DTB-127-PRO	CNOT3
DTB-127-PRO	TTC28
DTB-127-PRO	ZNRF3
DTB-128-BL	ADAMTS8
DTB-128-BL	CNOT3
DTB-128-BL	CHD1
DTB-129-BL	FOXA1
DTB-129-BL	TSC2
DTB-129-BL	PPL
DTB-129-BL	SPATA18
DTB-135-PRO	TCF12
DTB-135-PRO	IDH1
DTB-135-PRO	NOX3
DTB-135-PRO	WRN
DTB-137-PRO	ADAMTS8
DTB-137-PRO	UNC13D
DTB-137-PRO	ERF
DTB-137-PRO	SEL1L3
DTB-138-BL	MTOR
DTB-138-BL	SETD2
DTB-140-BL	NCOR2
DTB-140-BL	AXL
DTB-140-BL	ERCC2
DTB-141-BL	PTEN
DTB-141-BL	AXL
DTB-141-BL	U2AF1
DTB-141-BL	IGF2R
DTB-141-BL	SSR1
DTB-141-BL	SMARCA1
DTB-143-BL	ARID2
DTB-143-BL	KMT2D
DTB-143-BL	LSAMP
DTB-143-BL	ATR
DTB-143-BL	EHHADH
DTB-143-BL	TAP1
DTB-143-BL	TAF1L
DTB-146-BL	ATM
DTB-146-BL	ADAMTS8
DTB-146-BL	TCF12
DTB-146-BL	BLM
DTB-146-BL	AXL
DTB-146-BL	SMARCAD1
DTB-146-BL	IGF2R
DTB-146-BL	SMARCA1
DTB-149-BL	ASXL2
DTB-149-BL	MSH2
DTB-151-BL	CDK12
DTB-151-BL	PTPRC
DTB-151-BL	TCERG1
DTB-151-BL	BAG4
DTB-156-BL	TRPM4
DTB-156-BL	GNAS
DTB-156-BL	PIK3CB
DTB-159-BL	KMT2D
DTB-159-BL	ATR
DTB-159-BL	SMARCA1
DTB-167-PRO	STAB2
DTB-167-PRO	MGA
DTB-167-PRO	MAP2K4
DTB-167-PRO	ZNRF3
DTB-172-BL	ATR
DTB-173-BL	WRN
DTB-173-BL	AR
DTB-175-BL	KMT2A
DTB-175-BL	BRCA2
DTB-175-BL	SMARCAD1
DTB-175-BL	MYC
DTB-175-BL	NKX3-1
DTB-176-BL	MGA
DTB-176-BL	U2AF1
DTB-176-BL	JADE2
DTB-176-BL	TAP1
DTB-176-BL	ZNF292
DTB-186-BL	ITSN2
DTB-187-BL	RNF31
DTB-188-BL	JAK1
DTB-190-BL	USP28
DTB-190-BL	NF1
DTB-190-BL	RAD51D
DTB-190-BL	UNC13D
DTB-190-BL	CHD6
DTB-190-BL	GNAS
DTB-190-BL	RASA1
DTB-193-BL	TAP1
DTB-193-BL	RSPO2
DTB-194-PRO	MATN4
DTB-194-PRO	IDH1
DTB-194-PRO	CHD1
DTB-194-PRO	NOX3
DTB-194-PRO	MYC
DTB-201-PRO	MTOR
DTB-201-PRO	ASXL2
DTB-201-PRO	ZFP36L2
DTB-202-BL	NDST2
DTB-202-BL	SH3RF1
DTB-204-BL	AXL
DTB-205-BL	CDK12
DTB-205-BL	BRCA1
DTB-205-BL	ETV4
DTB-205-BL	ERCC2
DTB-205-BL	MTOR
DTB-205-BL	CHD7
DTB-205-BL	MED12
DTB-205-BL	ZMYM3
DTB-206-BL	CDK12
DTB-213-BL	CHD3
DTB-213-BL	COL5A3
DTB-213-BL	ETV5
DTB-213-BL	FANCG
DTB-213-BL	TBC1D2
DTB-214-BL	CDKN1B
DTB-214-BL	GPR19
DTB-214-BL	TAP1
DTB-216-PRO	PRPF8
DTB-216-PRO	SPOP
DTB-220-BL	PTEN
DTB-220-BL	TSC2
DTB-220-BL	UNC13D
DTB-220-BL	SMARCAD1
DTB-222-BL	PRPF8
DTB-222-BL	CDC27
DTB-222-BL	RNF43
DTB-222-BL	MBD1
DTB-222-BL	TRPM4
DTB-222-BL	TTC28
DTB-223-BL	KMT2A
DTB-223-BL	MRE11
DTB-232-PRO	CDH1
DTB-232-PRO	BRIP1
DTB-234-BL	ZNF292
DTB-251-BL	PTEN
DTB-251-BL	HRAS
DTB-251-BL	ZFHX3
DTB-251-BL	FANCA
DTB-251-BL	MBD1
DTB-251-BL	ERF
DTB-251-BL	PMS1
DTB-251-BL	MYC
DTB-252-BL	MRE11
DTB-252-BL	AXL
DTB-252-BL	ETV1
DTB-252-BL	MYC
DTB-255-BL	WASF3
DTB-255-BL	AXL
DTB-258-BL	WRN
DTB-260-BL	MRE11
DTB-265-PRO	BRIP1
DTB-265-PRO	ETV3
DTB-266-BL	MAP2K4
01115154-TA1	PPL
01115154-TA1	ETV3
01115154-TA1	U2AF1
01115156-TC5	BRAF
01115157-TA3	BLM
01115157-TA3	PYHIN1
01115157-TA3	AR
01115183-TA1	CCND1
01115183-TA1	CTDP1
01115183-TA1	CNOT3
01115183-TA1	WRN
01115244-TA3	KMT2A
01115244-TA3	WASF3
01115244-TA3	KDM6A
01115248-TA3	COL5A3
01115248-TA3	KEAP1
01115248-TA3	PIK3R2
01115249-TC5	ARID2
01115257-TA4	FANCA
01115257-TA4	PIK3CA
01115263-TA3	CTDP1
01115263-TA3	U2AF1
01115284-TA9	CTDP1
01115326-TA3	PYHIN1
01115326-TA3	CUL3
01115374-TA2	PALB2
01115374-TA2	CTDP1
01115374-TA2	COL5A1
01115414-TA1	SPATA18
01115444-TA5	FANCA
01115444-TA5	ZFP36L2
01115468-TA3	TAF1L
01115503-TC2	PALB2
01115503-TC2	ERG
01115525-TA1	AXL
01115525-TA1	RPRD2
01115525-TA1	JAK1
01115525-TA1	CUL3
01115525-TA1	SMARCAD1
01115525-TA1	BRAF
01115531-TA4	KMT2A
01115531-TA4	CTDP1
01115531-TA4	SPEN
01115531-TA4	MIRLET7BHG
01115531-TA4	BAG4
01115549-TA4	ERF
01115554-TA2	RAD51D
01115554-TA2	SETDB1
01115554-TA2	MIRLET7BHG
01115554-TA2	AR
01115569-TC1	RB1
01115569-TC1	MBD1
01115569-TC1	ELK4
01115569-TC1	CTNNB1
01115574-TC3	SPEN
01115574-TC3	PMS1
01115576-TC2	RAD51B
01115576-TC2	ZFP36L1
01115576-TC2	BLM
01115576-TC2	MAP2K4
01115576-TC2	TCERG1
01115576-TC2	PIK3R1
01115576-TC2	RSPO2
01115577-TC1	CCND1
01115577-TC1	CHD6
01115578-TC4	CCND1
01115578-TC4	AKT1
01115578-TC4	CHD3
01115578-TC4	TP53
01115578-TC4	MIRLET7BHG
01115578-TC4	SPATA18
01115578-TC4	SLC4A2
01115581-TA3	ARID1A
01115581-TA3	BRAF
01115589-TC2	ARID2
01115589-TC2	TSC2
01115589-TC2	BRIP1
01115589-TC2	TSC1
01115606-TA2	CTDP1
01115606-TA2	ELK4
01115606-TA2	TSC1
01115644-TA1	CTDP1
01115655-TA1	CTDP1
01115655-TA1	ERF
01115655-TA1	MYC
01115655-TA1	AR
01115655-TC1	CTDP1
01115655-TC1	ERF
01115655-TC1	ATR
01115655-TC1	SSR1
01115668-TA4	TSC2
01115668-TA4	ETV3
01115669-TA3	CTDP1
01115669-TA3	COL5A3
01115669-TA3	TRPM4
01115669-TA3	COL5A1
06115115-T	GEMIN5
06115117-T	PALB2
06115117-T	TSC1
06115118-T	NF1
06115118-T	KEAP1
06115118-T	SPATA18
DTB-003-BL	NF1
DTB-003-BL	ETV5
DTB-003-BL	SPATA18
DTB-003-BL	SSR1
DTB-008-BL	FANCG
DTB-009-BL	MGA
DTB-009-BL	SPEN
DTB-009-BL	SF3B1
DTB-009-BL	MLH1
DTB-009-BL	COL5A1
DTB-011-BL	ITSN2
DTB-018-BL	PPL
DTB-019-PRO	STAB2
DTB-019-PRO	MAP2K4
DTB-019-PRO	SPEN
DTB-019-PRO	CUL3
DTB-019-PRO	CHD7
DTB-020-BL	STAB2
DTB-021-BL	SMARCAD1
DTB-021-BL	ETV1
DTB-022-BL	KRAS
DTB-022-BL	NCOR1
DTB-023-BL	PTPRC
DTB-023-BL	MED12
DTB-023-BL	ZMYM3
DTB-024-PRO	WASF3
DTB-024-PRO	BRCA1
DTB-024-PRO	ETV4
DTB-024-PRO	TCERG1
DTB-024-PRO	FANCG
DTB-034-BL	CDKN1B
DTB-034-BL	GPR19
DTB-034-BL	COL5A3
DTB-034-BL	DHX30
DTB-035-BL	ATM
DTB-035-BL	GEMIN5
DTB-036-BL	PTEN
DTB-036-BL	ZNF292
DTB-037-BL	NDST2
DTB-037-BL	MYBBP1A
DTB-037-BL	ELK4
DTB-037-BL	PIK3CB
DTB-053-BL	ERCC2
DTB-055-PRO	MYBBP1A
DTB-055-PRO	PIK3R2
DTB-055-PRO	CTNNB1
DTB-059-BL	ADAMTS8
DTB-060-BL	HRAS
DTB-060-BL	TRPM4
DTB-060-BL	JAK1
DTB-061-BL	MLH1
DTB-063-BL	FOXA1
DTB-063-BL	CDK12
DTB-063-BL	CNOT3
DTB-063-BL	PRKDC
DTB-063-BL	NBN
DTB-064-BL	TSC2
DTB-064-BL	COL5A3
DTB-064-BL	CNOT3
DTB-064-BL	COL5A1
DTB-067-PRO	ASXL2
DTB-069-BL	RAD51D
DTB-069-BL	CDK12
DTB-071-BL	RAD51D
DTB-071-BL	IDH1
DTB-077-PRO	AXIN1
DTB-077-PRO	PTPRC
DTB-083-BL	CDC27
DTB-083-BL	MYBBP1A
DTB-083-BL	PTPRC
DTB-085-BL	STAB2
DTB-085-BL	RNF31
DTB-085-BL	SPEN
DTB-085-BL	TCERG1
DTB-085-BL	AR
DTB-089-BL	GEMIN5
DTB-090-PRO	WASF3
DTB-090-PRO	MBD1
DTB-090-PRO	CNOT3
DTB-091-BL	ERCC2
DTB-091-BL	CHD1
DTB-092-BL	HDAC4
DTB-092-BL	PIK3CB
DTB-097-PRO	GNAS
DTB-097-PRO	JADE2
DTB-100-BL	RB1
DTB-100-BL	ELK4
DTB-101-BL	NCOR1
DTB-101-BL	PRPF8
DTB-101-BL	PIK3R2
DTB-102-PRO	ETV3
DTB-104-BL	ARID4A
DTB-104-BL	MYC
DTB-104-BL	BAG4
DTB-104-BL	MED12
DTB-104-BL	ZMYM3
DTB-111-PRO	USP28
DTB-111-PRO	ZBTB16
DTB-111-PRO	MGA
DTB-111-PRO	CHD3
DTB-111-PRO	ERCC2
DTB-111-PRO	BAG4
DTB-112-BL	PALB2
DTB-112-BL	ASXL2
DTB-112-BL	TSC1
DTB-119-PRO	BRIP1
DTB-119-PRO	JAK1
DTB-119-PRO	TCERG1
DTB-121-BL	ARID4A
DTB-121-BL	PIK3CA
DTB-121-BL	APC
DTB-121-BL	TAF1L
DTB-124-BL	ADAMTS8
DTB-124-BL	MATN4
DTB-124-BL	PIK3CB
DTB-124-BL	COL5A1
DTB-124-BL	MED12
DTB-124-BL	ZMYM3
DTB-126-BL	PALB2
DTB-126-BL	PTPRC
DTB-126-BL	ELK4
DTB-126-BL	SAMD9
DTB-127-PRO	KMT2A
DTB-127-PRO	KRAS
DTB-127-PRO	BRPF1
DTB-127-PRO	FANCD2
DTB-128-BL	CHD3
DTB-128-BL	ZNRF3
DTB-128-BL	IDH1
DTB-129-BL	MIRLET7BHG
DTB-132-BL	SPEN
DTB-135-PRO	KRAS
DTB-135-PRO	BRCA1
DTB-135-PRO	MYBBP1A
DTB-135-PRO	ERCC2
DTB-135-PRO	SLC4A2
DTB-135-PRO	NBN
DTB-137-PRO	STAB2
DTB-137-PRO	SETD2
DTB-137-PRO	SLC4A2
DTB-138-BL	AXIN2
DTB-138-BL	JAK1
DTB-140-BL	TCF12
DTB-140-BL	AXIN1
DTB-140-BL	KEAP1
DTB-141-BL	TSC2
DTB-141-BL	ETV4
DTB-141-BL	ETV1
DTB-141-BL	NBN
DTB-146-BL	MTOR
DTB-146-BL	SPEN
DTB-146-BL	ELK4
DTB-146-BL	TAP1
DTB-146-BL	MYC
DTB-151-BL	BRIP1
DTB-151-BL	IDH1
DTB-156-BL	NCOR1
DTB-156-BL	ERCC2
DTB-156-BL	HDAC4
DTB-156-BL	NKX3-1
DTB-156-BL	BAG4
DTB-159-BL	RAD51B
DTB-159-BL	ZFP36L1
DTB-159-BL	APC
DTB-165-PRO	ARID4A
DTB-165-PRO	TRPM4
DTB-165-PRO	XPO1
DTB-165-PRO	ETV5
DTB-165-PRO	CHD7
DTB-167-PRO	AKT1
DTB-167-PRO	CHD3
DTB-172-BL	KRAS
DTB-172-BL	MYBBP1A
DTB-172-BL	PIK3R2
DTB-172-BL	PIK3CB
DTB-172-BL	ETV5
DTB-173-BL	IDH1
DTB-173-BL	XPO1
DTB-173-BL	EHHADH
DTB-173-BL	ETV5
DTB-175-BL	ARID2
DTB-175-BL	CDK12
DTB-176-BL	MATN4
DTB-183-BL	EHHADH
DTB-183-BL	ETV5
DTB-183-BL	FANCG
DTB-186-BL	KMT2A
DTB-186-BL	ZFP36L2
DTB-186-BL	MSH2
DTB-186-BL	MSH6
DTB-187-BL	MGA
DTB-187-BL	SSR1
DTB-188-BL	KMT2A
DTB-188-BL	CDH1
DTB-188-BL	ARID1A
DTB-190-BL	STAB2
DTB-190-BL	TSC2
DTB-190-BL	MAP2K4
DTB-190-BL	U2AF1
DTB-193-BL	CDK12
DTB-194-PRO	RPRD2
DTB-194-PRO	SETDB1
DTB-201-PRO	ITSN2
DTB-202-BL	MRE11
DTB-202-BL	ARID4A
DTB-202-BL	MAP2K4
DTB-202-BL	CDK12
DTB-202-BL	BRIP1
DTB-202-BL	BRPF1
DTB-202-BL	FANCD2
DTB-202-BL	APC
DTB-204-BL	JAK1
DTB-205-BL	ATM
DTB-205-BL	TSC2
DTB-205-BL	UNC13D
DTB-205-BL	KEAP1
DTB-205-BL	SETDB1
DTB-205-BL	SPEN
DTB-205-BL	PTPRC
DTB-205-BL	PIK3CB
DTB-205-BL	NKX3-1
DTB-205-BL	NBN
DTB-206-BL	MYBBP1A
DTB-206-BL	RPRD2
DTB-206-BL	SEL1L3
DTB-210-BL	CHD3
DTB-213-BL	MAP2K4
DTB-213-BL	SMARCAD1
DTB-214-BL	CDK4
DTB-214-BL	MED12
DTB-214-BL	ZMYM3
DTB-216-PRO	KMT2D
DTB-216-PRO	TAP1
DTB-220-BL	BRCA2
DTB-220-BL	TCF12
DTB-220-BL	AXIN1
DTB-220-BL	CHD3
DTB-220-BL	TP53
DTB-220-BL	SSR1
DTB-222-BL	ELK4
DTB-222-BL	ERG
DTB-223-BL	FOXA1
DTB-223-BL	KEAP1
DTB-223-BL	JAK1
DTB-232-PRO	FANCA
DTB-232-PRO	SLC4A2
DTB-234-BL	ITSN1
DTB-234-BL	PMS1
DTB-251-BL	NF1
DTB-251-BL	PTPRC
DTB-252-BL	SLC4A2
DTB-258-BL	KRAS
DTB-258-BL	PIK3R2
DTB-260-BL	ZNF292
DTB-265-PRO	CDK4
