008aef39-0c97-48ce-9dfd-f12d67116c59	FOXA1	Missense_Mutation
008aef39-0c97-48ce-9dfd-f12d67116c59	COL15A1	Missense_Mutation
008aef39-0c97-48ce-9dfd-f12d67116c59	MED12	Missense_Mutation
008bad10-d41b-4bbb-86fa-9976ecea46b1	MGA	Missense_Mutation
008bad10-d41b-4bbb-86fa-9976ecea46b1	MGA	Missense_Mutation
008bad10-d41b-4bbb-86fa-9976ecea46b1	COL5A1	Missense_Mutation
052015bc-8c24-467c-8ff7-9e0dc4ad39fd	SLC4A2	Missense_Mutation
052015bc-8c24-467c-8ff7-9e0dc4ad39fd	SMARCA1	Nonsense_Mutation
07531318-87e8-4db8-aa61-9b93597d063b	CCND1	Missense_Mutation
07531318-87e8-4db8-aa61-9b93597d063b	CTDP1	Missense_Mutation
07531318-87e8-4db8-aa61-9b93597d063b	FOXA1	In_Frame_Del
07f16397-71bb-4594-ad4d-caa7d2baeabd	TP53	Missense_Mutation
07f16397-71bb-4594-ad4d-caa7d2baeabd	KMT2D	Frame_Shift_Del
089be98d-c3c9-4fb4-aef2-7a8578a91d51	SLC4A2	Missense_Mutation
089be98d-c3c9-4fb4-aef2-7a8578a91d51	SMARCA1	Nonsense_Mutation
0a6be23a-d5a0-4e95-ada2-a61b2b5d9485	CHD3	Missense_Mutation
0bfd1043-5142-3662-e050-11ac0c486501	PIK3CB	Frame_Shift_Ins
0bfd1043-7343-fdd0-e050-11ac0c484cab	CDH1	Frame_Shift_Del
0bfd1043-7344-fdd0-e050-11ac0c484cab	PTEN	Nonsense_Mutation
0bfd1043-7344-fdd0-e050-11ac0c484cab	CDK12	Frame_Shift_Del
0bfd1043-7344-fdd0-e050-11ac0c484cab	CDK12	Frame_Shift_Del
0bfd1043-7346-fdd0-e050-11ac0c484cab	ASXL2	Nonsense_Mutation
0bfd1043-7ebf-aaec-e050-11ac0c482f39	SPOP	Missense_Mutation
0bfd1043-7ebf-aaec-e050-11ac0c482f39	COL5A3	Frame_Shift_Del
0bfd1043-7ec1-aaec-e050-11ac0c482f39	NF1	Missense_Mutation
0bfd1043-7ec1-aaec-e050-11ac0c482f39	AR	Missense_Mutation
0bfd1043-7ec1-aaec-e050-11ac0c482f39	PTEN	In_Frame_Del
0bfd1043-7ec1-aaec-e050-11ac0c482f39	TP53	Frame_Shift_Del
0bfd1043-7ec1-aaec-e050-11ac0c482f39	ASXL2	Frame_Shift_Del
0bfd1043-7ed6-9ccc-e050-11ac0c481957	ASXL2	Nonsense_Mutation
0bfd1043-816e-e3e4-e050-11ac0c4860c5	PTEN	Nonsense_Mutation
0bfd1043-816e-e3e4-e050-11ac0c4860c5	CDK12	Frame_Shift_Del
0bfd1043-816e-e3e4-e050-11ac0c4860c5	CDK12	Frame_Shift_Del
0bfd1043-8170-e3e4-e050-11ac0c4860c5	RAG1	Nonsense_Mutation
0bfd1043-8170-e3e4-e050-11ac0c4860c5	TP53	Missense_Mutation
0bfd1043-8172-e3e4-e050-11ac0c4860c5	TP53	Missense_Mutation
0bfd1043-8172-e3e4-e050-11ac0c4860c5	CTNNB1	Missense_Mutation
0bfd1043-8173-e3e4-e050-11ac0c4860c5	TP53	Missense_Mutation
0bfd1043-8173-e3e4-e050-11ac0c4860c5	CTNNB1	Missense_Mutation
0bfd1043-8175-e3e4-e050-11ac0c4860c5	TSC2	Missense_Mutation
0bfd1043-8175-e3e4-e050-11ac0c4860c5	TP53	Missense_Mutation
0bfd1043-8175-e3e4-e050-11ac0c4860c5	CTNNB1	Missense_Mutation
0bfd1043-8177-e3e4-e050-11ac0c4860c5	ZFHX3	Frame_Shift_Ins
0bfd1043-8177-e3e4-e050-11ac0c4860c5	TP53	Frame_Shift_Ins
0bfd1043-8177-e3e4-e050-11ac0c4860c5	KMT2C	In_Frame_Del
0bfd1043-817c-e3e4-e050-11ac0c4860c5	NF1	Missense_Mutation
0bfd1043-817c-e3e4-e050-11ac0c4860c5	ETV1	De_novo_Start_OutOfFrame
0bfd1043-817c-e3e4-e050-11ac0c4860c5	AR	Missense_Mutation
0bfd1043-817c-e3e4-e050-11ac0c4860c5	PTEN	In_Frame_Del
0bfd1043-817c-e3e4-e050-11ac0c4860c5	TP53	Frame_Shift_Del
0bfd1043-817c-e3e4-e050-11ac0c4860c5	ASXL2	Frame_Shift_Del
0bfd1043-817e-e3e4-e050-11ac0c4860c5	ARID1A	Nonsense_Mutation
0bfd1043-817e-e3e4-e050-11ac0c4860c5	RB1	Missense_Mutation
0bfd1043-817e-e3e4-e050-11ac0c4860c5	MGA	Missense_Mutation
0bfd1043-817e-e3e4-e050-11ac0c4860c5	ASXL2	Missense_Mutation
0bfd1043-8180-e3e4-e050-11ac0c4860c5	TCF12	Frame_Shift_Ins
0bfd1043-8180-e3e4-e050-11ac0c4860c5	TMPRSS2	Frame_Shift_Ins
0bfd1043-8180-e3e4-e050-11ac0c4860c5	CTNNB1	In_Frame_Del
0bfd1043-8181-e3e4-e050-11ac0c4860c5	TCF12	Frame_Shift_Ins
0bfd1043-8181-e3e4-e050-11ac0c4860c5	TMPRSS2	Frame_Shift_Ins
0bfd1043-8181-e3e4-e050-11ac0c4860c5	CTNNB1	In_Frame_Del
0bfd1043-8181-e3e4-e050-11ac0c4860c5	NBN	Frame_Shift_Del
0bfd1043-8183-e3e4-e050-11ac0c4860c5	ARID1A	Nonsense_Mutation
0bfd1043-8183-e3e4-e050-11ac0c4860c5	RB1	Missense_Mutation
0bfd1043-8183-e3e4-e050-11ac0c4860c5	ASXL2	Missense_Mutation
0bfd1043-8183-e3e4-e050-11ac0c4860c5	ZMYM3	Missense_Mutation
0bfd1043-8187-e3e4-e050-11ac0c4860c5	PTEN	Nonsense_Mutation
0bfd1043-8187-e3e4-e050-11ac0c4860c5	KDM6A	Missense_Mutation
0bfd1043-8187-e3e4-e050-11ac0c4860c5	CDK12	Frame_Shift_Del
0bfd1043-8187-e3e4-e050-11ac0c4860c5	CDK12	Frame_Shift_Del
0bfd1043-8189-e3e4-e050-11ac0c4860c5	AR	Missense_Mutation
0bfd1068-3fc3-a95b-e050-11ac0c4860c3	RAG1	Nonsense_Mutation
0bfd1068-3fc3-a95b-e050-11ac0c4860c3	TP53	Missense_Mutation
0bfd1068-3fc3-a95b-e050-11ac0c4860c3	CTNNB1	Missense_Mutation
0bfd1068-3fc5-a95b-e050-11ac0c4860c3	ASXL2	Nonsense_Mutation
0bfd1068-3fc5-a95b-e050-11ac0c4860c3	KMT2C	Nonsense_Mutation
0bfd1068-3fc5-a95b-e050-11ac0c4860c3	TP53	Frame_Shift_Ins
0bfd1068-3fca-a95b-e050-11ac0c4860c3	ZFHX3	Frame_Shift_Ins
0bfd1068-3fca-a95b-e050-11ac0c4860c3	TP53	Frame_Shift_Ins
0bfd1068-3fca-a95b-e050-11ac0c4860c3	KMT2C	In_Frame_Del
0bfd1068-3fcd-a95b-e050-11ac0c4860c3	ZFHX3	Frame_Shift_Ins
0bfd1068-3fcd-a95b-e050-11ac0c4860c3	TP53	Frame_Shift_Ins
0bfd1068-3fcd-a95b-e050-11ac0c4860c3	KMT2C	In_Frame_Del
0bfd1068-3fcf-a95b-e050-11ac0c4860c3	NF1	Missense_Mutation
0bfd1068-3fcf-a95b-e050-11ac0c4860c3	AR	Missense_Mutation
0bfd1068-3fcf-a95b-e050-11ac0c4860c3	PTEN	In_Frame_Del
0bfd1068-3fcf-a95b-e050-11ac0c4860c3	TP53	Frame_Shift_Del
0bfd1068-3fcf-a95b-e050-11ac0c4860c3	ASXL2	Frame_Shift_Del
0bfd1068-3fd3-a95b-e050-11ac0c4860c3	CDH1	Frame_Shift_Del
0bfd1068-3fd5-a95b-e050-11ac0c4860c3	NF1	Missense_Mutation
0bfd1068-3fd5-a95b-e050-11ac0c4860c3	AR	Missense_Mutation
0bfd1068-3fd5-a95b-e050-11ac0c4860c3	PTEN	In_Frame_Del
0bfd1068-3fd5-a95b-e050-11ac0c4860c3	TP53	Frame_Shift_Del
0bfd1068-3fd5-a95b-e050-11ac0c4860c3	ASXL2	Frame_Shift_Del
0bfd1068-3fd8-a95b-e050-11ac0c4860c3	SPOP	Missense_Mutation
0bfd1068-3fd8-a95b-e050-11ac0c4860c3	COL5A3	Frame_Shift_Del
0bfd1068-3fd8-a95b-e050-11ac0c4860c3	AR	In_Frame_Ins
0bfd1068-3fdd-a95b-e050-11ac0c4860c3	SPOP	Missense_Mutation
0bfd1068-3fdd-a95b-e050-11ac0c4860c3	PIK3CA	Missense_Mutation
0bfd1068-3fdd-a95b-e050-11ac0c4860c3	COL5A3	Frame_Shift_Del
0bfd1068-3fdf-a95b-e050-11ac0c4860c3	TCF12	Frame_Shift_Ins
0bfd1068-3fdf-a95b-e050-11ac0c4860c3	TMPRSS2	Frame_Shift_Ins
0bfd1068-3fdf-a95b-e050-11ac0c4860c3	CTNNB1	In_Frame_Del
0bfd1068-3fe1-a95b-e050-11ac0c4860c3	ERG	Missense_Mutation
0bfd1068-3fe1-a95b-e050-11ac0c4860c3	TCF12	Frame_Shift_Ins
0bfd1068-3fe1-a95b-e050-11ac0c4860c3	TMPRSS2	Frame_Shift_Ins
0bfd1068-3fe1-a95b-e050-11ac0c4860c3	CTNNB1	In_Frame_Del
0bfd1068-3fe6-a95b-e050-11ac0c4860c3	PTEN	Nonsense_Mutation
0bfd1068-3fe6-a95b-e050-11ac0c4860c3	KDM6A	Missense_Mutation
0bfd1068-3fe6-a95b-e050-11ac0c4860c3	CDK12	Frame_Shift_Del
0bfd1068-3fe6-a95b-e050-11ac0c4860c3	CDK12	Frame_Shift_Del
0bfe2ac9-0aec-c248-e050-11ac0d487e1c	ASXL2	Nonsense_Mutation
0bfe2ac9-0aee-c248-e050-11ac0d487e1c	ASXL2	Nonsense_Mutation
0bfe2ac9-0af3-c248-e050-11ac0d487e1c	ARID1A	Nonsense_Mutation
0bfe2ac9-0af3-c248-e050-11ac0d487e1c	RB1	Missense_Mutation
0bfe2ac9-0af3-c248-e050-11ac0d487e1c	ASXL2	Missense_Mutation
0bfe2ac9-0af5-c248-e050-11ac0d487e1c	SPOP	Missense_Mutation
0bfe2ac9-0af5-c248-e050-11ac0d487e1c	AR	Missense_Mutation
0bfe2ac9-0af5-c248-e050-11ac0d487e1c	COL5A3	Frame_Shift_Del
0bfe2ac9-0af8-c248-e050-11ac0d487e1c	SPOP	Missense_Mutation
0bfe2ac9-0af8-c248-e050-11ac0d487e1c	AR	Missense_Mutation
0bfe2ac9-0af8-c248-e050-11ac0d487e1c	COL5A3	Frame_Shift_Del
0bfe2ac9-0afa-c248-e050-11ac0d487e1c	AR	Missense_Mutation
0bfe2ac9-0aff-c248-e050-11ac0d487e1c	AR	Missense_Mutation
0bfebf9f-c779-e57d-e050-11ac0d487827	SPOP	Missense_Mutation
0bfebf9f-c779-e57d-e050-11ac0d487827	NBN	Missense_Mutation
0bfebf9f-c779-e57d-e050-11ac0d487827	COL5A3	Frame_Shift_Del
0bfebf9f-c779-e57d-e050-11ac0d487827	AR	In_Frame_Ins
0bfebf9f-c77d-e57d-e050-11ac0d487827	TCF12	Frame_Shift_Ins
0bfebf9f-c77d-e57d-e050-11ac0d487827	TMPRSS2	Frame_Shift_Ins
0bfebf9f-c77d-e57d-e050-11ac0d487827	CTNNB1	In_Frame_Del
0bfebf9f-c77f-e57d-e050-11ac0d487827	SPOP	Missense_Mutation
0bfebf9f-c77f-e57d-e050-11ac0d487827	COL5A3	Frame_Shift_Del
0bfebf9f-c77f-e57d-e050-11ac0d487827	AR	In_Frame_Ins
0c0038ff-6cc4-b0b0-e050-11ac0d483d73	SPOP	Missense_Mutation
0c0038ff-6cc4-b0b0-e050-11ac0d483d73	AR	Missense_Mutation
0c0038ff-6cc4-b0b0-e050-11ac0d483d73	COL5A3	Frame_Shift_Del
0c0038ff-6cc6-b0b0-e050-11ac0d483d73	SPOP	Missense_Mutation
0c0038ff-6cc6-b0b0-e050-11ac0d483d73	AR	Missense_Mutation
0c0038ff-6cc6-b0b0-e050-11ac0d483d73	COL5A3	Frame_Shift_Del
0cb4356c-b5d6-4541-b048-ff6d4b3a5d26	TRPM4	Missense_Mutation
0cb4356c-b5d6-4541-b048-ff6d4b3a5d26	CTNNB1	Missense_Mutation
0cb4356c-b5d6-4541-b048-ff6d4b3a5d26	PIK3CA	Missense_Mutation
108b67d4-5d66-46da-8675-6acae643b76f	COL5A1	Missense_Mutation
120f01d1-8884-4aca-a1cb-36b207b2aa3a	SPOP	Missense_Mutation
120f01d1-8884-4aca-a1cb-36b207b2aa3a	KDM6A	Missense_Mutation
120f01d1-8884-4aca-a1cb-36b207b2aa3a	KMT2D	Frame_Shift_Del
120f01d1-8884-4aca-a1cb-36b207b2aa3a	CHD1	Frame_Shift_Del
122bf0a9-8052-49da-a9d7-0e5de9ab7032	PRPF8	In_Frame_Del
126ee433-d345-4cac-882a-c91831a24690	CHD6	Missense_Mutation
145f2b89-8878-4390-b0f6-f09b02fb138a	CTDP1	Missense_Mutation
1558629a-770a-4dcb-b0bf-9a8bcea9d80b	SMARCA1	Nonsense_Mutation
186cacaf-4f20-4ad2-a07a-a7dc942a70b0	ZNF292	Missense_Mutation
186cacaf-4f20-4ad2-a07a-a7dc942a70b0	FOXA1	Frame_Shift_Ins
186cacaf-4f20-4ad2-a07a-a7dc942a70b0	PIK3CA	In_Frame_Del
1a319682-f55e-4e0b-8476-48a0bea6c265	SF3B1	Missense_Mutation
1a319682-f55e-4e0b-8476-48a0bea6c265	APC	Missense_Mutation
1bbfe6f2-ad19-4d29-895b-973f5a91c707	MGA	Missense_Mutation
1bbfe6f2-ad19-4d29-895b-973f5a91c707	PTEN	Frame_Shift_Ins
1bbfe6f2-ad19-4d29-895b-973f5a91c707	APC	Frame_Shift_Del
1eb37b28-fac2-477a-88b3-e04291a07926	FOXA1	Missense_Mutation
1eb37b28-fac2-477a-88b3-e04291a07926	MAP3K1	Missense_Mutation
289790a5-77bd-49a9-a1ec-478a8ecacd7f	ATM	Missense_Mutation
289790a5-77bd-49a9-a1ec-478a8ecacd7f	KMT2D	Missense_Mutation
289790a5-77bd-49a9-a1ec-478a8ecacd7f	RNF43	Nonsense_Mutation
289790a5-77bd-49a9-a1ec-478a8ecacd7f	PRKDC	Frame_Shift_Del
2b54d668-7585-4bf4-9fdd-aea3c5cd4fa4	NOX3	Missense_Mutation
2ea2294d-fab9-43ae-a222-370487495b06	FOXA1	Missense_Mutation
2ea2294d-fab9-43ae-a222-370487495b06	CTNNB1	Missense_Mutation
304c3e10-583c-421d-ab01-15c937d5014a	PTPRD	Missense_Mutation
306ef5bc-97d0-4312-ae0e-343c4e31d869	SETD2	Frame_Shift_Ins
32d8c373-b5c8-420b-9808-8812b5501649	PPL	Missense_Mutation
33de44a2-bec1-402d-872c-d78c1f2d52b3	NCOR1	Missense_Mutation
36962459-e81f-4b8c-a08d-df60ef3283a3	CHD7	Missense_Mutation
3b8ab548-6669-4142-9612-cafded0d7a23	SLC4A2	Missense_Mutation
41027c0b-85af-4c78-bba0-0da63cd75fa9	PDS5A	Missense_Mutation
42a548f0-d86a-4273-8bda-be0fe6a53b20	SPEN	Nonsense_Mutation
42a548f0-d86a-4273-8bda-be0fe6a53b20	ZFHX3	Missense_Mutation
42a548f0-d86a-4273-8bda-be0fe6a53b20	ZFHX3	Missense_Mutation
42a548f0-d86a-4273-8bda-be0fe6a53b20	BRIP1	Missense_Mutation
42a548f0-d86a-4273-8bda-be0fe6a53b20	PTEN	Frame_Shift_Del
42a548f0-d86a-4273-8bda-be0fe6a53b20	FOXA1	Frame_Shift_Del
42a548f0-d86a-4273-8bda-be0fe6a53b20	ZFHX3	Frame_Shift_Del
43b675e0-22e0-42d6-a060-afc93e22ac95	PTEN	Nonsense_Mutation
43b675e0-22e0-42d6-a060-afc93e22ac95	CHD7	Missense_Mutation
43b675e0-22e0-42d6-a060-afc93e22ac95	RNF43	Frame_Shift_Del
4508ce0a-5a2e-4502-98e9-2fd76c4eebef	RB1	Missense_Mutation
45d0ccb2-641f-4348-b3a8-61f4113cd85b	ETV3	Missense_Mutation
45d0ccb2-641f-4348-b3a8-61f4113cd85b	TTC28	Missense_Mutation
475bca00-9089-4f50-8638-4e5e8aca6dcd	UNC13D	Missense_Mutation
48c33a30-557b-4ecf-8066-5b4b068b5e3a	PDS5A	Missense_Mutation
4c5228b5-bf31-4abd-a47c-d088e16dba13	TP53	Missense_Mutation
4c5228b5-bf31-4abd-a47c-d088e16dba13	ITSN1	Frame_Shift_Del
4c755527-3b5d-4d36-822d-990aa1003d6a	PRPF8	In_Frame_Del
51adf6cf-f422-4d7e-aa46-cc9bf0ef8693	TP53	Missense_Mutation
551d5082-ab6a-4674-af0d-ce408f589949	SPOP	Missense_Mutation
551d5082-ab6a-4674-af0d-ce408f589949	ZFHX3	Frame_Shift_Del
5c8da06c-7964-4ad1-ac9e-d1b5507105d2	PALB2	Missense_Mutation
5c8da06c-7964-4ad1-ac9e-d1b5507105d2	TP53	Missense_Mutation
5c8da06c-7964-4ad1-ac9e-d1b5507105d2	ERF	Nonsense_Mutation
5c8da06c-7964-4ad1-ac9e-d1b5507105d2	PRKDC	Frame_Shift_Del
5d6ad982-bb01-4233-b8fa-d129460eec79	ZFHX3	Frame_Shift_Ins
61973578-4c0d-4a3f-b9c4-f96ceab24629	PTEN	Missense_Mutation
61a48c69-4f7d-4dc6-aff7-88a6c33137df	TRPM4	Missense_Mutation
61a48c69-4f7d-4dc6-aff7-88a6c33137df	MED12	Missense_Mutation
61a48c69-4f7d-4dc6-aff7-88a6c33137df	SMARCA1	Frame_Shift_Del
61d941f1-87df-43af-8a29-b6809c809275	SETDB1	Missense_Mutation
61d941f1-87df-43af-8a29-b6809c809275	TP53	Missense_Mutation
61d941f1-87df-43af-8a29-b6809c809275	IDH1	Missense_Mutation
6218f366-d5d2-4289-a95e-eeedfae7523a	ETV3	Missense_Mutation
6218f366-d5d2-4289-a95e-eeedfae7523a	ETV3	Missense_Mutation
6218f366-d5d2-4289-a95e-eeedfae7523a	GNAS	Missense_Mutation
6d0851ba-271a-408f-bcc3-c104b452c9e5	SETD2	Frame_Shift_Del
6d936ef9-b5df-44d3-831f-528bf8ddc131	ITSN2	Missense_Mutation
6d936ef9-b5df-44d3-831f-528bf8ddc131	PDS5A	Missense_Mutation
6f25ca85-4b4a-420f-b0cc-5a4f65a97da3	SPOP	Missense_Mutation
7181dd10-1371-4cb6-9219-a9542c62b854	ATM	Missense_Mutation
7181dd10-1371-4cb6-9219-a9542c62b854	SETD2	Nonsense_Mutation
734a8251-9ecc-47f5-835f-846b67693ca6	WRN	Missense_Mutation
783579bd-e29d-457c-8236-1a80b557600c	FOXA1	Missense_Mutation
79914ce9-04d8-4b0d-9f16-2e528044966e	FANCA	Nonsense_Mutation
7ae9b843-488f-459c-8c0d-c81dcae57f99	ETV5	Missense_Mutation
7d6fb1a7-7742-4b8c-9903-abff706240b5	UNC13D	Missense_Mutation
7dd2dc62-0eb4-4d45-86f1-e9e9377181ca	SPOP	Missense_Mutation
7e10e325-16d2-42df-b957-df4d3a9477d0	UNC13D	Missense_Mutation
7e4d570e-f26b-41fb-84c5-2a6f7d668bb5	KDM6A	Frame_Shift_Del
8044a282-bc2c-47c6-8a85-53c3b5eeb08f	IDH1	Missense_Mutation
836ec5a5-e385-4236-83e7-2641ee35db7f	TP53	Missense_Mutation
84aa2983-714b-49fd-af93-f18ed4d6a6cb	MED12	Missense_Mutation
8689b53c-8883-479c-85f6-d13b86272b5d	SPOP	Missense_Mutation
8689b53c-8883-479c-85f6-d13b86272b5d	TCERG1	Missense_Mutation
8930735a-4eb4-4489-8513-d4b600c316ab	CHD6	Missense_Mutation
8bbe4006-be0a-4cd5-91f6-529100d4f06e	ARID4A	Missense_Mutation
8bbe4006-be0a-4cd5-91f6-529100d4f06e	PIK3CA	Missense_Mutation
8bbe4006-be0a-4cd5-91f6-529100d4f06e	PIK3R1	Missense_Mutation
8c0a7dfa-6ec3-4262-b718-c3605722df37	KMT2A	Missense_Mutation
8c0a7dfa-6ec3-4262-b718-c3605722df37	AXL	Missense_Mutation
8c850df7-d48e-4386-b3a5-cac5da865ea5	SPOP	Missense_Mutation
95730d8b-327a-402c-a8bf-d71370f777a7	SMARCA1	Nonsense_Mutation
96b67289-9c42-402b-8e30-9efb4d512bef	TAF1L	Missense_Mutation
98f54445-b151-4aeb-b8cf-91d743ba066e	CDKN1B	Nonsense_Mutation
9ed8f0b9-d615-44c4-9ec9-e07ecd744922	SPOP	Missense_Mutation
a08ec059-7592-4698-bb45-25a9c3680c23	SPOP	Missense_Mutation
a1af7c42-47af-435c-bb51-b932a3cd7b91	MED12	Missense_Mutation
a6045753-60bb-4e65-bc89-1ef0b47aab35	ATM	Nonsense_Mutation
a6045753-60bb-4e65-bc89-1ef0b47aab35	ZNF292	Frame_Shift_Del
acb9750e-7e17-4cef-bee1-5d710f9bf3a7	COL5A3	Missense_Mutation
ad007b59-46f6-48b9-958a-2b9d28cca3b7	CDH1	Missense_Mutation
ad007b59-46f6-48b9-958a-2b9d28cca3b7	ITSN2	Missense_Mutation
ad007b59-46f6-48b9-958a-2b9d28cca3b7	JAK1	Frame_Shift_Del
ad007b59-46f6-48b9-958a-2b9d28cca3b7	TMPRSS2	In_Frame_Del
b1f2442f-a973-47b4-9891-f028f0d44adc	TP53	Missense_Mutation
b2ec0fd0-fbcf-4abc-ad80-4ae444e30b55	TP53	Missense_Mutation
b2ec0fd0-fbcf-4abc-ad80-4ae444e30b55	BRCA1	Missense_Mutation
b2ec0fd0-fbcf-4abc-ad80-4ae444e30b55	UNC13D	Missense_Mutation
b33b7c8f-0b0d-4009-88a7-48e9d9cae6cb	ZMYM3	Frame_Shift_Del
b41c63e8-bb85-4f83-9bc6-e611fd9ef075	KMT2C	Missense_Mutation
bc9f105f-6d99-44ac-9871-67defd5e85cd	KMT2A	Missense_Mutation
bc9f105f-6d99-44ac-9871-67defd5e85cd	BRPF1	Nonsense_Mutation
bd3028c7-1fde-401d-a6b2-5f8e61eb4aa1	TP53	Missense_Mutation
c08f65a0-bf4c-462e-9d07-ad56b3adcac8	KMT2C	Nonsense_Mutation
c3cb64b3-842b-4b42-8c42-020a0206eb06	TTC28	Missense_Mutation
c6a28615-1b92-4085-956e-eeedb2573c03	SETDB1	Missense_Mutation
c6a28615-1b92-4085-956e-eeedb2573c03	CUL3	Missense_Mutation
c6a28615-1b92-4085-956e-eeedb2573c03	TBC1D2	Missense_Mutation
cd0c3b1f-c73a-4991-8724-4e74381900cb	STAB2	Missense_Mutation
cd0c3b1f-c73a-4991-8724-4e74381900cb	COL5A3	Missense_Mutation
cd0c3b1f-c73a-4991-8724-4e74381900cb	ZMYM3	Nonsense_Mutation
d1875ee6-6677-4117-a7a8-930ab5cde775	TP53	Missense_Mutation
d277e679-9fdd-44cd-9f2c-f9927e44d721	MED12	Missense_Mutation
d709d214-02ee-46c1-a73a-e7074cb2623e	KMT2D	Nonsense_Mutation
d709d214-02ee-46c1-a73a-e7074cb2623e	ATR	Missense_Mutation
d74be531-b0fd-42c3-954e-4a4f7eef922a	PYHIN1	Missense_Mutation
db198301-6c69-4d56-88d1-c650406423dd	KMT2D	Missense_Mutation
dc85552c-2488-48d9-9da1-67a380945b85	TRPM4	Missense_Mutation
dc85552c-2488-48d9-9da1-67a380945b85	SETD2	In_Frame_Del
de4faf55-1bcf-427f-b019-829bb4b64ff1	KMT2A	Missense_Mutation
de4faf55-1bcf-427f-b019-829bb4b64ff1	PIK3R2	Missense_Mutation
e41bc2ec-3e0b-4c37-806b-3f6f25c8c4db	SPOP	Missense_Mutation
e41bc2ec-3e0b-4c37-806b-3f6f25c8c4db	SETD2	Nonsense_Mutation
e41bc2ec-3e0b-4c37-806b-3f6f25c8c4db	APC	Frame_Shift_Del
ec16d1f5-f8a9-4c19-8cce-92f6ea9eb3f7	NCOR2	Nonsense_Mutation
ec16d1f5-f8a9-4c19-8cce-92f6ea9eb3f7	TP53	Missense_Mutation
ed7be9ae-e603-4731-8d91-a8285abaee33	CDC27	Missense_Mutation
ed7be9ae-e603-4731-8d91-a8285abaee33	CHD3	Frame_Shift_Del
f1534b2a-5350-442c-bb9d-8c7142668d31	MTOR	Missense_Mutation
f1534b2a-5350-442c-bb9d-8c7142668d31	SETDB1	Missense_Mutation
f1534b2a-5350-442c-bb9d-8c7142668d31	KMT2D	Nonsense_Mutation
f1534b2a-5350-442c-bb9d-8c7142668d31	KEAP1	Missense_Mutation
f1d73c2f-3d7d-4a0f-871b-b3bf76d865dc	MED12	Missense_Mutation
f5378545-17d4-4a64-a57e-f6c91ef4cb3a	ARID2	Missense_Mutation
f5378545-17d4-4a64-a57e-f6c91ef4cb3a	SF3B1	Missense_Mutation
f5378545-17d4-4a64-a57e-f6c91ef4cb3a	FOXA1	Frame_Shift_Del
f601cf2f-081f-484d-ab0e-21a8ec8d3770	MTOR	Missense_Mutation
f601cf2f-081f-484d-ab0e-21a8ec8d3770	CHD6	Missense_Mutation
f601cf2f-081f-484d-ab0e-21a8ec8d3770	MGA	Frame_Shift_Del
f640d377-98e9-41d3-8761-61eb33072c65	ARID1A	Missense_Mutation
f8a165b0-51df-413c-b7c6-c7fc80547db4	FOXA1	In_Frame_Del
f8a165b0-51df-413c-b7c6-c7fc80547db4	SETD2	Frame_Shift_Del
f8a165b0-51df-413c-b7c6-c7fc80547db4	SETD2	Frame_Shift_Del
f921b592-fa4d-49f7-b773-81a0e903aaed	ETV4	Missense_Mutation
f9c0a08b-d1e5-4c18-e040-11ac0c4864df	PTEN	Missense_Mutation
f9c0a08b-d1e5-4c18-e040-11ac0c4864df	TCF12	Nonsense_Mutation
f9c0a08b-d1e5-4c18-e040-11ac0c4864df	PTPRD	Missense_Mutation
f9c0a0d9-5af6-4476-e040-11ac0d4830d3	ETV3	Missense_Mutation
f9c0a0d9-5af6-4476-e040-11ac0d4830d3	FOXA1	Missense_Mutation
f9c0a0d9-5af6-4476-e040-11ac0d4830d3	MAP2K4	Missense_Mutation
f9c0a0d9-5af6-4476-e040-11ac0d4830d3	KMT2D	Frame_Shift_Ins
f9c0a0d9-5af6-4476-e040-11ac0d4830d3	KMT2C	Frame_Shift_Del
f9c0a0d9-5af6-4476-e040-11ac0d4830d3	KDM6A	Frame_Shift_Del
f9c0a12c-2651-d9ea-e040-11ac0d483201	FOXA1	Missense_Mutation
f9c0a12c-2651-d9ea-e040-11ac0d483201	NOX3	Missense_Mutation
f9c1df10-25b8-c8ae-e040-11ac0d486375	PYHIN1	Missense_Mutation
f9c1df10-25b8-c8ae-e040-11ac0d486375	KMT2D	Missense_Mutation
f9c26646-d2b0-cf30-e040-11ac0d483918	ARID2	Missense_Mutation
f9c26646-d2b0-cf30-e040-11ac0d483918	SPOP	Missense_Mutation
f9c3bc8e-dbc4-1ed0-e040-11ac0d4803a9	FOXA1	Missense_Mutation
f9c3e4e3-1b95-b71a-e040-11ac0d4819e7	TP53	Missense_Mutation
f9c3eaad-a0d9-8bf8-e040-11ac0d481d8e	SPOP	Missense_Mutation
f9c3eaad-a0d9-8bf8-e040-11ac0d481d8e	PTPRD	Missense_Mutation
f9c4e06c-e8a6-613b-e040-11ac0d4828ba	PTEN	Missense_Mutation
f9c51617-3fcb-91c5-e040-11ac0d484abf	CDKN1B	Nonsense_Mutation
f9c51617-3fcb-91c5-e040-11ac0d484abf	CHD3	Missense_Mutation
f9c51617-3fcb-91c5-e040-11ac0d484abf	MED12	Missense_Mutation
f9c52187-2e82-d58a-e040-11ac0d484fc4	ATM	Frame_Shift_Del
f9c650e7-9053-78eb-e040-11ac0d4874bb	ARID2	Missense_Mutation
f9c650e7-9053-78eb-e040-11ac0d4874bb	SPOP	Missense_Mutation
f9c70e38-dd99-3fe2-e040-11ac0d4862f2	IDH1	Missense_Mutation
f9c70e38-dd99-3fe2-e040-11ac0d4862f2	PTPRD	Missense_Mutation
fc9d5fc6-719b-0525-e040-11ac0d485f83	SF3B1	Missense_Mutation
fc9d5fc6-7f7d-1313-e040-11ac0d485f85	PTEN	Missense_Mutation
fc9d5fc7-a87b-c5e7-e040-11ac0c4850aa	ERF	Missense_Mutation
fc9d5fc7-a87b-c5e7-e040-11ac0c4850aa	MED12	Missense_Mutation
fc9d5fc7-a87b-c5e7-e040-11ac0c4850aa	ERF	Frame_Shift_Del
fc9d704c-0cfb-0407-e040-11ac0d486980	MYC	Missense_Mutation
fc9d704c-0cfb-0407-e040-11ac0d486980	PTEN	Frame_Shift_Ins
fc9d93b6-77c6-8719-e040-11ac0d487dec	SF3B1	Missense_Mutation
fc9d93b6-77c6-8719-e040-11ac0d487dec	PDS5A	In_Frame_Del
fc9d93b6-92e8-acb7-e040-11ac0d487dee	ATM	Missense_Mutation
fc9f9295-01f6-a9e0-e040-11ac0d4845af	ATM	Missense_Mutation
fd163b56-1c2d-4e63-9fad-ba3221ae274b	MATN4	Missense_Mutation
ff870342-f0d6-4450-8f9c-344c046a0baf	FOXA1	Missense_Mutation
ff870342-f0d6-4450-8f9c-344c046a0baf	BRAF	Missense_Mutation
ff870342-f0d6-4450-8f9c-344c046a0baf	PRKDC	Missense_Mutation
